company_name,description,current_stage,partners,first_partnered_stage,first_partnered_year,company_profile_url,source_url,scraped_at
[24]7.ai,"[24]7 helps businesses create a personalized, predictive and effortless customer experience.",Growth,Michael Moritz,Early,2003,https://sequoiacap.com/companies/247/,https://sequoiacap.com/our-companies/,2026-06-01T13:47:35Z
100 Thieves,100 Thieves is a lifestyle brand for gamers.,Growth,,Early,2018,https://sequoiacap.com/companies/100-thieves/,https://sequoiacap.com/our-companies/,2026-06-01T13:47:35Z
Abby Care,Abby Care trains family members to become paid caregivers for loved ones with disabilities or special needs.,Early,Josephine Chen; Alfred Lin,Pre-Seed/Seed,2021,https://sequoiacap.com/companies/abby-care/,https://sequoiacap.com/our-companies/,2026-06-01T13:47:35Z
AdMob,"AdMob, now part of Google, is a pay-per click marketplace for mobile apps.",Acquired,Jim Goetz,Early,2006,https://sequoiacap.com/companies/admob/,https://sequoiacap.com/our-companies/,2026-06-01T13:47:35Z
Agency,Agency is the AI agent for customer success.,Early,Pat Grady; Julien Bek,Pre-Seed/Seed,2024,https://sequoiacap.com/companies/agency/,https://sequoiacap.com/our-companies/,2026-06-01T13:47:35Z
Airbnb,Airbnb connects people around the world with unique homes and unforgettable experiences.,IPO,Alfred Lin,Pre-Seed/Seed,2009,https://sequoiacap.com/companies/airbnb/,https://sequoiacap.com/our-companies/,2026-06-01T13:47:35Z
Airtime,"Airtime (FKA mmhmm) is a new and better way to create clear, compelling video communications.",Growth,Roelof Botha,Pre-Seed/Seed,2020,https://sequoiacap.com/companies/airtime/,https://sequoiacap.com/our-companies/,2026-06-01T13:47:35Z
Airtop,Airtop (fka Switchboard) provides intelligent browser automation for AI agents.,Early,,Pre-Seed/Seed,2020,https://sequoiacap.com/companies/airtop/,https://sequoiacap.com/our-companies/,2026-06-01T13:47:35Z
Alkira,Alkira lets customers build and deploy global secure cloud networks in minutes.,Growth,Bill Coughran,Early,2018,https://sequoiacap.com/companies/alkira/,https://sequoiacap.com/our-companies/,2026-06-01T13:47:35Z
Alpha & Omega Semiconductor,"Alpha & Omega Semiconductor is a designer, developer and global supplier of a broad range of power semiconductors.",IPO,,Growth,2006,https://sequoiacap.com/companies/alpha-omega-semiconductor/,https://sequoiacap.com/our-companies/,2026-06-01T13:47:35Z
AMP Robotics,AMP Robotics is changing the face of recycling with high-speed guided robotics.,Growth,Shaun Maguire; Josephine Chen,Early,2019,https://sequoiacap.com/companies/amp-robotics/,https://sequoiacap.com/our-companies/,2026-06-01T13:47:35Z
Amplitude,Amplitude is an analytics platform that enables organizations to see and predict which combination of features and actions translate to business outcomes.,IPO,Pat Grady; Sonya Huang; Ravi Gupta,Growth,2018,https://sequoiacap.com/companies/amplitude/,https://sequoiacap.com/our-companies/,2026-06-01T13:47:35Z
Anrok,Anrok is an end-to-end compliance solution for finance leaders of SaaS businesses.,Growth,Bryan Schreier; Josephine Chen,Pre-Seed/Seed,2020,https://sequoiacap.com/companies/anrok/,https://sequoiacap.com/our-companies/,2026-06-01T13:47:35Z
Anterior,Anterior is transforming U.S. healthcare’s $950B administration burden with AI Co:Pilots.,Growth,George Robson,Pre-Seed/Seed,2023,https://sequoiacap.com/companies/anterior/,https://sequoiacap.com/our-companies/,2026-06-01T13:47:35Z
Anthropic,"Anthropic is an AI safety and research company that builds reliable, interpretable and steerable AI systems.",Growth,Alfred Lin; Sonya Huang; James Flynn; Lauren Reeder,Growth,2026,https://sequoiacap.com/companies/anthropic/,https://sequoiacap.com/our-companies/,2026-06-01T13:47:35Z
Apex,Apex is a Security Platform for generative AI and LLMs that helps companies remediate AI risks from any source.,Pre-Seed/Seed,Bogomil Balkansky,Pre-Seed/Seed,2023,https://sequoiacap.com/companies/apex/,https://sequoiacap.com/our-companies/,2026-06-01T13:47:35Z
Apollo,Apollo is an end-to-end AI sales platform to help companies grow their business.,Growth,Sonya Huang,Growth,2021,https://sequoiacap.com/companies/apollo/,https://sequoiacap.com/our-companies/,2026-06-01T13:47:35Z
Apple,"Apple transforms how humans interact with technologies with products like the iPhone, iPod, iPad, Mac and Watch.",IPO,,Pre-Seed/Seed,1978,https://sequoiacap.com/companies/apple/,https://sequoiacap.com/our-companies/,2026-06-01T13:47:35Z
Arcwise,"Arcwise is the low-code platform for data apps that brings the power of Python, SQL & ML to everyone",Pre-Seed/Seed,,Pre-Seed/Seed,2022,https://sequoiacap.com/companies/arcwise/,https://sequoiacap.com/our-companies/,2026-06-01T13:47:35Z
Armis,"Armis is the first agentless, enterprise-class security platform for unmanaged and IoT devices.",Acquired,Carl Eschenbach; Sonya Huang,Early,2015,https://sequoiacap.com/companies/armis-security/,https://sequoiacap.com/our-companies/,2026-06-01T13:47:35Z
ARQ,ARQ is the global financial platform for affluent consumers across the Americas.,Growth,Andrew Reed,Growth,2024,https://sequoiacap.com/companies/arq/,https://sequoiacap.com/our-companies/,2026-06-01T13:47:35Z
Aspora,Aspora is building financial services for immigrant diasporas around the world.,Growth,Luciana Lixandru; George Robson; James Flynn,Early,2024,https://sequoiacap.com/companies/210664/,https://sequoiacap.com/our-companies/,2026-06-01T13:47:35Z
Astrocade,"Astrocade is where creators make playable content, and players discover endless things to play.",Growth,David Cahn,Growth,2025,https://sequoiacap.com/companies/astrocade/,https://sequoiacap.com/our-companies/,2026-06-01T13:47:35Z
Atari,Atari is the original video game pioneer known for classics like Asteroids and Pong.,IPO,,Early,1975,https://sequoiacap.com/companies/atari/,https://sequoiacap.com/our-companies/,2026-06-01T13:47:35Z
Attentive,Attentive is a personalized text messaging platform for innovative brands.,Growth,Pat Grady; Sonya Huang,Growth,2019,https://sequoiacap.com/companies/attentive/,https://sequoiacap.com/our-companies/,2026-06-01T13:47:35Z
Auctor,Auctor is the AI-native system of action for the entire software implementation lifecycle.,Early,Julien Bek,Pre-Seed/Seed,2025,https://sequoiacap.com/companies/auctor/,https://sequoiacap.com/our-companies/,2026-06-01T13:47:35Z
Aurora,Aurora delivers the benefits of self-driving technology safely and efficiently.,IPO,Carl Eschenbach,Growth,2019,https://sequoiacap.com/companies/aurora/,https://sequoiacap.com/our-companies/,2026-06-01T13:47:35Z
Avelios,Avelios is a modern hospital information system.,Early,Anas Biad,Early,2025,https://sequoiacap.com/companies/avelios/,https://sequoiacap.com/our-companies/,2026-06-01T13:47:35Z
Barracuda,"Barracuda Networks provides security, application delivery and data protection Solutions.",IPO,Jim Goetz,Early,2005,https://sequoiacap.com/companies/barracuda-networks/,https://sequoiacap.com/our-companies/,2026-06-01T13:47:35Z
Bigeye,"Bigeye improves data quality at scale with observability, incident management and automation.",Growth,Bogomil Balkansky,Early,2021,https://sequoiacap.com/companies/bigeye/,https://sequoiacap.com/our-companies/,2026-06-01T13:47:35Z
BigPanda,BigPanda is an intelligent incident management platform for data center operations.,Growth,,Pre-Seed/Seed,2011,https://sequoiacap.com/companies/bigpanda/,https://sequoiacap.com/our-companies/,2026-06-01T13:47:35Z
biomodal,biomodal creates technologies that bring the dynamism of our ever-changing biology into focus.,Growth,Roelof Botha,Growth,2016,https://sequoiacap.com/companies/biomodal/,https://sequoiacap.com/our-companies/,2026-06-01T13:47:35Z
Bird,Bird is an electric vehicle maker and bike-sharing network focused on sustainability.,IPO,Roelof Botha,Growth,2018,https://sequoiacap.com/companies/bird/,https://sequoiacap.com/our-companies/,2026-06-01T13:47:35Z
Block,"Block is Square, Cash App, Spiral, TIDAL, TBD, and other foundational teams.",IPO,Roelof Botha,Early,2011,https://sequoiacap.com/companies/block/,https://sequoiacap.com/our-companies/,2026-06-01T13:47:35Z
Blockaid,"Blockaid builds web3 security to protect users from fraud, phishing, and hacks.",Early,Shaun Maguire,Pre-Seed/Seed,2022,https://sequoiacap.com/companies/blockaid/,https://sequoiacap.com/our-companies/,2026-06-01T13:47:35Z
Blockit AI,"Blockit is an AI scheduling agent that coordinates calendars instantly, turning days of back-and-forth into minutes.",Pre-Seed/Seed,Pat Grady,Pre-Seed/Seed,2024,https://sequoiacap.com/companies/blockit-ai/,https://sequoiacap.com/our-companies/,2026-06-01T13:47:35Z
Blues,Blues helps physical product makers transform their offerings into data-driven intelligent services.,Early,Roelof Botha,Pre-Seed/Seed,2020,https://sequoiacap.com/companies/blues/,https://sequoiacap.com/our-companies/,2026-06-01T13:47:35Z
Bolt,"Bolt is a European mobility platform for ridesharing, scooter rentals and food delivery.",Growth,Andrew Reed; Anas Biad,Growth,2021,https://sequoiacap.com/companies/bolt/,https://sequoiacap.com/our-companies/,2026-06-01T13:47:35Z
Breeze.cash,Breeze.cash unlocks new revenue for businesses with crypto payments.,Pre-Seed/Seed,,Pre-Seed/Seed,2022,https://sequoiacap.com/companies/breeze/,https://sequoiacap.com/our-companies/,2026-06-01T13:47:35Z
BreezeBio,BreezeBio is a genetic medicines company pioneering precision-delivered therapies for autoimmune disease and oncology.,Early,Roelof Botha,Pre-Seed/Seed,2016,https://sequoiacap.com/companies/breezebio/,https://sequoiacap.com/our-companies/,2026-06-01T13:47:35Z
Brewbird,Brewbird provides coffee machines and sustainable whole-bean pods for the workplace.,Early,,Pre-Seed/Seed,2019,https://sequoiacap.com/companies/brewbird/,https://sequoiacap.com/our-companies/,2026-06-01T13:47:35Z
Bridge,"Bridge, now a part of Stripe, is building critical infrastructure to support stablecoin payments.",Acquired,Shaun Maguire; Josephine Chen,Early,2023,https://sequoiacap.com/companies/bridge/,https://sequoiacap.com/our-companies/,2026-06-01T13:47:35Z
BridgeBio,BridgeBio makes targeted treatments for genetic diseases.,IPO,Roelof Botha,Growth,2018,https://sequoiacap.com/companies/bridgebio/,https://sequoiacap.com/our-companies/,2026-06-01T13:47:35Z
Bruce,Bruce is an AI-native trust and reputation platform powering professional search and discovery.,Pre-Seed/Seed,,Pre-Seed/Seed,2023,https://sequoiacap.com/companies/bruce/,https://sequoiacap.com/our-companies/,2026-06-01T13:47:35Z
Bunkerhill Health,Bunkerhill Health brings AI algorithms—built by researchers around the world—to widespread adoption in healthcare.,Early,Alfred Lin,Early,2023,https://sequoiacap.com/companies/bunkerhill-health/,https://sequoiacap.com/our-companies/,2026-06-01T13:47:35Z
Cadence Design Systems,"Cadence is a leader in electronic systems design, building upon more than 30 years of computational software expertise. The company applies its underlying Intelligent System Design strategy to deliver software, hardware, and IP that turn design concepts into reality.",IPO,,Growth,1992,https://sequoiacap.com/companies/cadence-design-systems/,https://sequoiacap.com/our-companies/,2026-06-01T13:47:35Z
CafePress,CafePress works with designers to bring the world millions of designs on hundreds of different products.,IPO,,Growth,2005,https://sequoiacap.com/companies/cafepress/,https://sequoiacap.com/our-companies/,2026-06-01T13:47:35Z
Caldera,Caldera enables dynamic Web3 experiences by enabling developers to launch performant application-specific blockchains.,Pre-Seed/Seed,Shaun Maguire,Pre-Seed/Seed,2022,https://sequoiacap.com/companies/caldera/,https://sequoiacap.com/our-companies/,2026-06-01T13:47:35Z
Captions,Captions is an AI-powered creative studio.,Growth,,Pre-Seed/Seed,2021,https://sequoiacap.com/companies/captions/,https://sequoiacap.com/our-companies/,2026-06-01T13:47:35Z
CaptivateIQ,CaptivateIQ’s SaaS solution helps enterprise companies manage and optimize sales commissions.,Growth,Konstantine Buhler; Carl Eschenbach,Early,2020,https://sequoiacap.com/companies/captivateiq/,https://sequoiacap.com/our-companies/,2026-06-01T13:47:35Z
Carbon,Carbon is transforming 3D printing through the process of light extrusion.,Growth,Jim Goetz,Early,2013,https://sequoiacap.com/companies/carbon/,https://sequoiacap.com/our-companies/,2026-06-01T13:47:35Z
Catch,Catch helps merchants and their customers save by cutting out the credit card companies.,Early,Alfred Lin,Early,2020,https://sequoiacap.com/companies/catch/,https://sequoiacap.com/our-companies/,2026-06-01T13:47:35Z
Cellworks,Cellworks is a personalized medicine platform.,Growth,,Growth,2012,https://sequoiacap.com/companies/cellworks/,https://sequoiacap.com/our-companies/?_paged=2,2026-06-01T13:47:35Z
Census,Census is the data automation platform that syncs users’ data warehouse with all their business apps.,Growth,Sonya Huang,Early,2020,https://sequoiacap.com/companies/census/,https://sequoiacap.com/our-companies/?_paged=2,2026-06-01T13:47:35Z
Chainguard,Chainguard is the safe source for open source.,Growth,Bogomil Balkansky; Andrew Reed,Early,2022,https://sequoiacap.com/companies/chainguard/,https://sequoiacap.com/our-companies/?_paged=2,2026-06-01T13:47:35Z
Chkk,Chkk keeps complex Kubernetes environments up and running.,Pre-Seed/Seed,Bogomil Balkansky; Bill Coughran,Pre-Seed/Seed,2022,https://sequoiacap.com/companies/chkk/,https://sequoiacap.com/our-companies/?_paged=2,2026-06-01T13:47:35Z
Cisco,"Cisco makes networking, security and collaboration products for enterprise companies.",IPO,,Early,1987,https://sequoiacap.com/companies/cisco/,https://sequoiacap.com/our-companies/?_paged=2,2026-06-01T13:47:35Z
Citadel Securities,Citadel Securities uses its market expertise and technology to empower its clients to access liquidity in new and effective ways.,Growth,Alfred Lin; Konstantine Buhler,Growth,2022,https://sequoiacap.com/companies/citadel-securities/,https://sequoiacap.com/our-companies/?_paged=2,2026-06-01T13:47:35Z
Citizen,Citizen is a personal safety app and mobile protection service.,Growth,,Early,2017,https://sequoiacap.com/companies/citizen/,https://sequoiacap.com/our-companies/?_paged=2,2026-06-01T13:47:35Z
Claim,Claim is building a social network based on benefits with friends.,Early,Jess Lee,Pre-Seed/Seed,2023,https://sequoiacap.com/companies/claim/,https://sequoiacap.com/our-companies/?_paged=2,2026-06-01T13:47:35Z
Clari,Clari is an end-to-end sales analytics and forecasting platform for revenue teams.,Growth,Jim Goetz,Early,2012,https://sequoiacap.com/companies/clari/,https://sequoiacap.com/our-companies/?_paged=2,2026-06-01T13:47:35Z
Clay,Clay makes creative tools that help businesses grow by improving their customer research to scale personalized outreach.,Growth,Alfred Lin; David Cahn; James Flynn,Early,2019,https://sequoiacap.com/companies/clay/,https://sequoiacap.com/our-companies/?_paged=2,2026-06-01T13:47:35Z
Clever,Clever is an educational technology platform.,Acquired,Bryan Schreier,Early,2013,https://sequoiacap.com/companies/clever/,https://sequoiacap.com/our-companies/?_paged=2,2026-06-01T13:47:35Z
Clipboard Health,Clipboard Health helps healthcare professionals by matching them with open shifts nearby.,Growth,Bryan Schreier,Growth,2022,https://sequoiacap.com/companies/clipboard-health/,https://sequoiacap.com/our-companies/?_paged=2,2026-06-01T13:47:35Z
Cobot,Cobot is redefining the future of human-robot interaction.,Growth,Alfred Lin,Early,2023,https://sequoiacap.com/companies/collaborative-robotics/,https://sequoiacap.com/our-companies/?_paged=2,2026-06-01T13:47:35Z
Cockroach Labs,"Cockroach Labs provides a cloud-native, distributed SQL database for critical enterprise applications.",Growth,,Early,2015,https://sequoiacap.com/companies/cockroach-labs/,https://sequoiacap.com/our-companies/?_paged=2,2026-06-01T13:47:35Z
Cohesity,Cohesity is a software-defined enterprise data management platform in the cloud that eliminates data silos.,Growth,Bill Coughran; Carl Eschenbach,Early,2013,https://sequoiacap.com/companies/cohesity/,https://sequoiacap.com/our-companies/?_paged=2,2026-06-01T13:47:35Z
Commons,Commons makes it easy to use your spending choices to create a more sustainable world.,Early,Bryan Schreier,Pre-Seed/Seed,2019,https://sequoiacap.com/companies/commons/,https://sequoiacap.com/our-companies/?_paged=2,2026-06-01T13:47:35Z
Commure,Commure (FKA Athelas) is an AI-powered operating system for healthcare providers.,Growth,Alfred Lin,Early,2016,https://sequoiacap.com/companies/commure/,https://sequoiacap.com/our-companies/?_paged=2,2026-06-01T13:47:35Z
Confluent,Confluent’s streaming data platform helps enterprise companies harness data.,IPO,,Growth,2017,https://sequoiacap.com/companies/confluent/,https://sequoiacap.com/our-companies/?_paged=2,2026-06-01T13:47:35Z
Cortex,Cortex helps engineering teams improve their service-oriented architecture.,Growth,Bogomil Balkansky,Pre-Seed/Seed,2020,https://sequoiacap.com/companies/cortex/,https://sequoiacap.com/our-companies/?_paged=2,2026-06-01T13:47:35Z
Cove,Cove is an AI-assisted workspace that helps you get more done.,Pre-Seed/Seed,Jess Lee,Pre-Seed/Seed,2023,https://sequoiacap.com/companies/cove/,https://sequoiacap.com/our-companies/?_paged=2,2026-06-01T13:47:35Z
Cresta,Cresta turns conversations into a competitive advantage with AI agents.,Growth,Doug Leone; Josephine Chen,Growth,2021,https://sequoiacap.com/companies/cresta/,https://sequoiacap.com/our-companies/?_paged=2,2026-06-01T13:47:35Z
Cribl,Cribl helps customers easily sift through data to find the nuggets they need.,Growth,Pat Grady; Sonya Huang,Growth,2020,https://sequoiacap.com/companies/cribl/,https://sequoiacap.com/our-companies/?_paged=2,2026-06-01T13:47:35Z
Crosby,Crosby is the AI law firm that helps fast-growing companies move even faster.,Early,Josephine Chen; Alfred Lin,Pre-Seed/Seed,2024,https://sequoiacap.com/companies/crosby/,https://sequoiacap.com/our-companies/?_paged=2,2026-06-01T13:47:35Z
CUE Labs,CUE Labs turns enterprise configuration from a source of risk into a source of reliability.,Pre-Seed/Seed,Bill Coughran,Pre-Seed/Seed,2021,https://sequoiacap.com/companies/cue-labs/,https://sequoiacap.com/our-companies/?_paged=2,2026-06-01T13:47:35Z
Curie,Curie is a voice-driven AI assistant for clinicians.,Pre-Seed/Seed,,Pre-Seed/Seed,2022,https://sequoiacap.com/companies/curie/,https://sequoiacap.com/our-companies/?_paged=2,2026-06-01T13:47:35Z
Cyera,Cyera transforms the way organizations secure data in the cloud with Data Reality.,Early,Doug Leone; Bogomil Balkansky,Early,2022,https://sequoiacap.com/companies/cyera/,https://sequoiacap.com/our-companies/?_paged=2,2026-06-01T13:47:35Z
Dagster,"Dagster is a data orchestration platform for the development, production and observation of data assets.",Growth,,Pre-Seed/Seed,2018,https://sequoiacap.com/companies/dagster/,https://sequoiacap.com/our-companies/?_paged=2,2026-06-01T13:47:35Z
Dashlane,Dashlane secures users’ digital identity across a wide range of platforms and devices.,Growth,Jim Goetz; Sonya Huang,Growth,2019,https://sequoiacap.com/companies/dashlane/,https://sequoiacap.com/our-companies/?_paged=2,2026-06-01T13:47:35Z
Day.ai,Day.ai is an AI-native CRM that brings the voice of the customer into every decision.,Pre-Seed/Seed,Pat Grady,Pre-Seed/Seed,2023,https://sequoiacap.com/companies/day-ai/,https://sequoiacap.com/our-companies/?_paged=2,2026-06-01T13:47:35Z
dbt Labs,dbt helps data teams work like software engineers to ship trusted data faster.,Growth,Sonya Huang,Growth,2020,https://sequoiacap.com/companies/dbt-labs/,https://sequoiacap.com/our-companies/?_paged=2,2026-06-01T13:47:35Z
Decart,Decart is a cutting-edge AI research lab bringing GenAI interactive video experiences to all.,Pre-Seed/Seed,Shaun Maguire; Dean Meyer,Pre-Seed/Seed,2024,https://sequoiacap.com/companies/decart/,https://sequoiacap.com/our-companies/?_paged=2,2026-06-01T13:47:35Z
Delphi,Delphi lets experts scale their time and knowledge through interactive digital minds.,Early,Jess Lee,Early,2025,https://sequoiacap.com/companies/delphi/,https://sequoiacap.com/our-companies/?_paged=2,2026-06-01T13:47:35Z
Deno,Deno is building application development for the modern web.,Early,Lauren Reeder; Bogomil Balkansky,Early,2022,https://sequoiacap.com/companies/deno/,https://sequoiacap.com/our-companies/?_paged=2,2026-06-01T13:47:35Z
Despegar,Despegar is the leading travel technology company in Latin America.,IPO,,Growth,2011,https://sequoiacap.com/companies/despegar/,https://sequoiacap.com/our-companies/?_paged=2,2026-06-01T13:47:35Z
Dolls Kill,Dolls Kill is a global fashion brand that supports self-expression for the next generation.,Growth,Alfred Lin,Growth,2019,https://sequoiacap.com/companies/dolls-kill/,https://sequoiacap.com/our-companies/?_paged=2,2026-06-01T13:47:35Z
Domino Data Lab,Domino Data Lab helps data scientists build and deploy AI applications.,Growth,Bryan Schreier,Early,2016,https://sequoiacap.com/companies/domino-data-lab/,https://sequoiacap.com/our-companies/?_paged=2,2026-06-01T13:47:35Z
DoorDash,DoorDash is an on-demand delivery service.,IPO,Alfred Lin; Isaiah Boone,Early,2014,https://sequoiacap.com/companies/doordash/,https://sequoiacap.com/our-companies/?_paged=2,2026-06-01T13:47:35Z
Doppler,Doppler is a central source of truth for env vars and secrets.,Growth,,Pre-Seed/Seed,2019,https://sequoiacap.com/companies/doppler/,https://sequoiacap.com/our-companies/?_paged=2,2026-06-01T13:47:35Z
Draftea,Draftea is the premier real-money gaming platform in the Spanish-speaking world.,Growth,Konstantine Buhler; Brian Halligan,Early,2021,https://sequoiacap.com/companies/draftea/,https://sequoiacap.com/our-companies/?_paged=2,2026-06-01T13:47:35Z
Drift,"Drift is a conversational marketing platform that uses chat, email, video and automation.",Acquired,Pat Grady,Growth,2017,https://sequoiacap.com/companies/drift/,https://sequoiacap.com/our-companies/?_paged=2,2026-06-01T13:47:35Z
Dropbox,Dropbox is a collaboration platform transforming the way teams work together.,IPO,Bryan Schreier,Pre-Seed/Seed,2007,https://sequoiacap.com/companies/dropbox/,https://sequoiacap.com/our-companies/?_paged=2,2026-06-01T13:47:35Z
Dust,Dust is an AI operating system for smart teams.,Early,Konstantine Buhler; Julien Bek,Pre-Seed/Seed,2023,https://sequoiacap.com/companies/dust/,https://sequoiacap.com/our-companies/?_paged=2,2026-06-01T13:47:35Z
Edra,Edra learns how businesses operate to give AI agents the knowledge they need to automate operations.,Early,Luciana Lixandru,Early,2025,https://sequoiacap.com/companies/edra/,https://sequoiacap.com/our-companies/?_paged=2,2026-06-01T13:47:35Z
EDX Markets,EDX Markets is a new digital asset exchange.,Pre-Seed/Seed,Konstantine Buhler,Early,2022,https://sequoiacap.com/companies/edx-markets/,https://sequoiacap.com/our-companies/?_paged=2,2026-06-01T13:47:35Z
Electronic Arts,Electronic Arts is a consumer entertainment and education software company.,IPO,,Early,1982,https://sequoiacap.com/companies/electronic-arts/,https://sequoiacap.com/our-companies/?_paged=2,2026-06-01T13:47:35Z
Elevate,Elevate is a cognitive-training app that encourages lifelong learning.,Growth,Bryan Schreier,Early,2014,https://sequoiacap.com/companies/elevate/,https://sequoiacap.com/our-companies/?_paged=2,2026-06-01T13:47:35Z
ElevenLabs,ElevenLabs is a Voice AI research and deployment company making content universally accessible in any language and voice.,Growth,Andrew Reed; James Flynn,Growth,2023,https://sequoiacap.com/companies/elevenlabs/,https://sequoiacap.com/our-companies/?_paged=2,2026-06-01T13:47:35Z
Elyn,Elyn provides a return management and exchange portal that helps brands optimize their online profitability.,Pre-Seed/Seed,,Pre-Seed/Seed,2023,https://sequoiacap.com/companies/elyn/,https://sequoiacap.com/our-companies/?_paged=2,2026-06-01T13:47:35Z
Enter,Enter helps large companies use AI to boost legal efficiency and win more cases.,Pre-Seed/Seed,Konstantine Buhler; Lauren Reeder,Pre-Seed/Seed,2024,https://sequoiacap.com/companies/enter/,https://sequoiacap.com/our-companies/?_paged=2,2026-06-01T13:47:35Z
Eon,"Eon transforms your cloud backups into an accessible, useful asset.",Growth,Shaun Maguire; Dean Meyer,Pre-Seed/Seed,2024,https://sequoiacap.com/companies/eon/,https://sequoiacap.com/our-companies/?_paged=2,2026-06-01T13:47:35Z
Espresso Systems,"Espresso Systems provides fast, reliable transaction confirmations for L2 crypto chains.",Growth,Shaun Maguire,Early,2022,https://sequoiacap.com/companies/espresso-systems/,https://sequoiacap.com/our-companies/?_paged=2,2026-06-01T13:47:35Z
Ethos,Ethos uses technology to provide accessible and affordable life insurance coverage.,IPO,Roelof Botha; Konstantine Buhler,Early,2017,https://sequoiacap.com/companies/ethos-technologies/,https://sequoiacap.com/our-companies/?_paged=2,2026-06-01T13:47:35Z
Eventbrite,Eventbrite is a marketplace for events.,IPO,Roelof Botha,Early,2009,https://sequoiacap.com/companies/eventbrite/,https://sequoiacap.com/our-companies/?_paged=3,2026-06-01T13:47:35Z
Evernote,Evernote is a digital workspace for storing and sharing.,Acquired,Roelof Botha,Growth,2010,https://sequoiacap.com/companies/evernote/,https://sequoiacap.com/our-companies/?_paged=3,2026-06-01T13:47:35Z
Evervault,Evervault is encryption infrastructure for developers.,Early,,Pre-Seed/Seed,2019,https://sequoiacap.com/companies/evervault/,https://sequoiacap.com/our-companies/?_paged=3,2026-06-01T13:47:35Z
Evy,Evy builds simple product protection for e-commerce and retailers.,Early,Stephanie Zhan; George Robson,Pre-Seed/Seed,2021,https://sequoiacap.com/companies/evy/,https://sequoiacap.com/our-companies/?_paged=3,2026-06-01T13:47:35Z
Factory,Factory is bringing autonomy to software engineering with task-specific AI agents.,Early,Shaun Maguire,Pre-Seed/Seed,2023,https://sequoiacap.com/companies/factory/,https://sequoiacap.com/our-companies/?_paged=3,2026-06-01T13:47:35Z
Faire,"Faire is the leading wholesale marketplace, connecting independent retailers and brands all over the world.",Growth,Alfred Lin; Ravi Gupta; Isaiah Boone,Early,2017,https://sequoiacap.com/companies/faire-wholesale/,https://sequoiacap.com/our-companies/?_paged=3,2026-06-01T13:47:35Z
fal,"fal is the leading platform for generative media, offering cutting-edge inference solutions for AI-powered video, image and audio applications.",Growth,Sonya Huang; James Flynn,Growth,2025,https://sequoiacap.com/companies/fal/,https://sequoiacap.com/our-companies/?_paged=3,2026-06-01T13:47:35Z
Faraway,"Faraway is an interoperable gaming ecosystem for players, creators and studios.",Early,,Pre-Seed/Seed,2021,https://sequoiacap.com/companies/faraway/,https://sequoiacap.com/our-companies/?_paged=3,2026-06-01T13:47:35Z
FastAPI Labs,FastAPI Labs helps developers build apps and APIs.,Pre-Seed/Seed,Bogomil Balkansky; Lauren Reeder,Pre-Seed/Seed,2024,https://sequoiacap.com/companies/fastapi-labs/,https://sequoiacap.com/our-companies/?_paged=3,2026-06-01T13:47:35Z
Fides,Fides enables organizations to digitize and automate their corporate governance duties across entities globally.,Pre-Seed/Seed,,Pre-Seed/Seed,2022,https://sequoiacap.com/companies/fides/,https://sequoiacap.com/our-companies/?_paged=3,2026-06-01T13:47:35Z
Figma,Figma is the first web-based collaborative design tool.,IPO,Andrew Reed,Growth,2019,https://sequoiacap.com/companies/figma/,https://sequoiacap.com/our-companies/?_paged=3,2026-06-01T13:47:35Z
Filecoin,Filecoin is a decentralized storage network designed to store people’s most important information.,Early,Alfred Lin,Pre-Seed/Seed,2017,https://sequoiacap.com/companies/filecoin/,https://sequoiacap.com/our-companies/?_paged=3,2026-06-01T13:47:35Z
Fin,"Fin is a next-generation payments platform built for high-value, global, and instant transactions.",Pre-Seed/Seed,Shaun Maguire,Pre-Seed/Seed,2022,https://sequoiacap.com/companies/fin/,https://sequoiacap.com/our-companies/?_paged=3,2026-06-01T13:47:35Z
Finch,Finch helps personal injury law firms serve more clients with AI-powered pre-litigation support.,Pre-Seed/Seed,Alfred Lin,Pre-Seed/Seed,2024,https://sequoiacap.com/companies/finch/,https://sequoiacap.com/our-companies/?_paged=3,2026-06-01T13:47:35Z
Fintual,Fintual offers a simple way for consumers in Latin America to invest online.,Growth,Sonya Huang,Growth,2021,https://sequoiacap.com/companies/fintual/,https://sequoiacap.com/our-companies/?_paged=3,2026-06-01T13:47:35Z
Fireblocks,"Fireblocks is an all-in-one platform for storing, transferring and issuing digital assets.",Growth,Ravi Gupta,Growth,2021,https://sequoiacap.com/companies/fireblocks/,https://sequoiacap.com/our-companies/?_paged=3,2026-06-01T13:47:35Z
FireEye,FireEye builds world-class cybersecurity and malware protection services.,IPO,Bill Coughran,Early,2004,https://sequoiacap.com/companies/fireeye/,https://sequoiacap.com/our-companies/?_paged=3,2026-06-01T13:47:35Z
Firetiger,Firetiger uses AI agents to find and fix production software issues before customers notice them.,Pre-Seed/Seed,Lauren Reeder; Alfred Lin,Pre-Seed/Seed,2025,https://sequoiacap.com/companies/firetiger/,https://sequoiacap.com/our-companies/?_paged=3,2026-06-01T13:47:35Z
Fireworks AI,Fireworks AI is a high-performance inference platform for developers and enterprises.,Growth,Sonya Huang; Alfred Lin,Early,2022,https://sequoiacap.com/companies/fireworks-ai/,https://sequoiacap.com/our-companies/?_paged=3,2026-06-01T13:47:35Z
Flagship,"Flagship is helping creator set up their own curated boutiques, without hassle.",Pre-Seed/Seed,Jess Lee,Pre-Seed/Seed,2022,https://sequoiacap.com/companies/flagship/,https://sequoiacap.com/our-companies/?_paged=3,2026-06-01T13:47:35Z
Flapping Airplanes,Flapping Airplanes is a foundational AI research lab devoted to solving the data efficiency problem.,Pre-Seed/Seed,David Cahn,Pre-Seed/Seed,2025,https://sequoiacap.com/companies/flapping-airplanes/,https://sequoiacap.com/our-companies/?_paged=3,2026-06-01T13:47:35Z
Flextronics,Flextronics is the manufacturing partner of choice that helps a diverse customer base design and build products that improve the world.,IPO,,Growth,1993,https://sequoiacap.com/companies/flextronics/,https://sequoiacap.com/our-companies/?_paged=3,2026-06-01T13:47:35Z
Flow Engineering,Flow is a core collaboration platform that massively accelerates the development of complex hardware systems.,Early,Roelof Botha,Early,2025,https://sequoiacap.com/companies/flow-engineering/,https://sequoiacap.com/our-companies/?_paged=3,2026-06-01T13:47:35Z
Formation Bio,Formation Bio is a tech and AI-native pharma company differentiated by radically more efficient drug development.,Growth,Alfred Lin,Early,2017,https://sequoiacap.com/companies/formation-bio/,https://sequoiacap.com/our-companies/?_paged=3,2026-06-01T13:47:35Z
Found,"Found is an all-in-one business banking, bookkeeping and tax solution for self-employed businesses.",Growth,Alfred Lin; Josephine Chen,Early,2020,https://sequoiacap.com/companies/found/,https://sequoiacap.com/our-companies/?_paged=3,2026-06-01T13:47:35Z
Freed,Freed is an AI assistant that gives clinicians valuable time back in their day.,Early,Josephine Chen; Jess Lee,Early,2024,https://sequoiacap.com/companies/freed/,https://sequoiacap.com/our-companies/?_paged=3,2026-06-01T13:47:35Z
Front,Front is the AI-powered customer service platform built for collaboration.,Growth,Bryan Schreier; Andrew Reed; Ravi Gupta,Growth,2017,https://sequoiacap.com/companies/front/,https://sequoiacap.com/our-companies/?_paged=3,2026-06-01T13:47:35Z
FTX,FTX is a crypto-derivatives exchange.,Growth,,Growth,2021,https://sequoiacap.com/companies/ftx/,https://sequoiacap.com/our-companies/?_paged=3,2026-06-01T13:47:35Z
FutureAdvisor,"FutureAdvisor was a financial services provider for individuals, acquired by BlackRock.",Acquired,Alfred Lin,Pre-Seed/Seed,2010,https://sequoiacap.com/companies/futureadvisor/,https://sequoiacap.com/our-companies/?_paged=3,2026-06-01T13:47:35Z
Gadget,Gadget is a development platform designed to rid ecommerce app developers of busywork.,Pre-Seed/Seed,,Pre-Seed/Seed,2021,https://sequoiacap.com/companies/gadget/,https://sequoiacap.com/our-companies/?_paged=3,2026-06-01T13:47:35Z
Garner Health,Garner Health helps employers enrich employee benefits and reduce costs without changing plans or networks.,Growth,,Pre-Seed/Seed,2019,https://sequoiacap.com/companies/garner-health/,https://sequoiacap.com/our-companies/?_paged=3,2026-06-01T13:47:35Z
Gather,Gather hosts virtual spaces for work and play.,Growth,Shaun Maguire; Pat Grady,Early,2021,https://sequoiacap.com/companies/gather/,https://sequoiacap.com/our-companies/?_paged=3,2026-06-01T13:47:35Z
Getir,Getir is the pioneer of 10-minute grocery delivery.,Growth,Michael Moritz,Growth,2021,https://sequoiacap.com/companies/getir/,https://sequoiacap.com/our-companies/?_paged=3,2026-06-01T13:47:35Z
Gigi,Gigi is the AI network that unlocks your social capital.,Pre-Seed/Seed,Jess Lee,Pre-Seed/Seed,2023,https://sequoiacap.com/companies/gigi/,https://sequoiacap.com/our-companies/?_paged=3,2026-06-01T13:47:35Z
GitHub,"GitHub is the system of record for code, now part of Microsoft.",Acquired,Jim Goetz; Andrew Reed,Growth,2015,https://sequoiacap.com/companies/github/,https://sequoiacap.com/our-companies/?_paged=3,2026-06-01T13:47:35Z
Gladia,Gladia is a multilingual audio intelligence API that leverage enterprise audio data.,Pre-Seed/Seed,,Pre-Seed/Seed,2022,https://sequoiacap.com/companies/gladia/,https://sequoiacap.com/our-companies/?_paged=3,2026-06-01T13:47:35Z
Glean,Glean searches across all your company’s apps to help you find what you need and discover the things you should know.,Growth,Sonya Huang,Growth,2022,https://sequoiacap.com/companies/glean/,https://sequoiacap.com/our-companies/?_paged=3,2026-06-01T13:47:35Z
Glossier,Glossier is an online direct-to-consumer beauty brand.,Growth,Sonya Huang,Growth,2019,https://sequoiacap.com/companies/glossier/,https://sequoiacap.com/our-companies/?_paged=3,2026-06-01T13:47:35Z
Gong,Gong delivers insights on every customer interaction at scale so revenue teams can make smarter decisions.,Growth,Carl Eschenbach; Sonya Huang,Growth,2019,https://sequoiacap.com/companies/gong/,https://sequoiacap.com/our-companies/?_paged=3,2026-06-01T13:47:35Z
Google,Google organizes the world’s information.,IPO,Michael Moritz,Growth,1999,https://sequoiacap.com/companies/google/,https://sequoiacap.com/our-companies/?_paged=3,2026-06-01T13:47:35Z
Grafana,"Grafana is an observability platform that integrates metrics, traces and logs.",Growth,Carl Eschenbach,Growth,2021,https://sequoiacap.com/companies/grafana/,https://sequoiacap.com/our-companies/?_paged=3,2026-06-01T13:47:35Z
Graphiant,"Graphiant is network-as-a-service data company delivering a single, unified network solution.",Early,Bill Coughran,Early,2020,https://sequoiacap.com/companies/graphiant/,https://sequoiacap.com/our-companies/?_paged=3,2026-06-01T13:47:35Z
Green Dot,"Green Dot builds technology for faster, more efficient electronic payment and money management.",IPO,Michael Moritz,Growth,2003,https://sequoiacap.com/companies/green-dot/,https://sequoiacap.com/our-companies/?_paged=3,2026-06-01T13:47:35Z
Gridware,Gridware provides wireless realtime instrumentation for utilities managing the power grid.,Early,Bryan Schreier; Charlie Curnin,Pre-Seed/Seed,2024,https://sequoiacap.com/companies/gridware/,https://sequoiacap.com/our-companies/?_paged=3,2026-06-01T13:47:35Z
Grow Therapy,Grow is the mental health platform for personal and professional growth.,Growth,Pat Grady,Growth,2024,https://sequoiacap.com/companies/grow-therapy/,https://sequoiacap.com/our-companies/?_paged=3,2026-06-01T13:47:35Z
Guardant Health,Guardant Health is an oncology company.,IPO,,Early,2013,https://sequoiacap.com/companies/guardant-health/,https://sequoiacap.com/our-companies/?_paged=3,2026-06-01T13:47:35Z
Guided Energy,"Guided is an AI fleet and energy management platform to power renewable, electric fleets.",Pre-Seed/Seed,Bryan Schreier,Pre-Seed/Seed,2023,https://sequoiacap.com/companies/guided-energy/,https://sequoiacap.com/our-companies/?_paged=3,2026-06-01T13:47:35Z
Hallway,Hallway makes avatar identity and creative tools to empower the next generation of creators.,Pre-Seed/Seed,,Pre-Seed/Seed,2022,https://sequoiacap.com/companies/hallway/,https://sequoiacap.com/our-companies/?_paged=3,2026-06-01T13:47:35Z
Handshake,"The Handshake coin is the way participants transfer, register and update internet names.",Early,,Pre-Seed/Seed,2018,https://sequoiacap.com/companies/handshake-coins/,https://sequoiacap.com/our-companies/?_paged=3,2026-06-01T13:47:35Z
Harmonic,Harmonic is building a state-of-the-art mathematical reasoning engine in pursuit of mathematical superintelligence.,Early,Shaun Maguire; Andrew Reed,Early,2024,https://sequoiacap.com/companies/harmonic/,https://sequoiacap.com/our-companies/?_paged=3,2026-06-01T13:47:35Z
Harvey,Harvey is redefining professional services with generative AI.,Growth,Pat Grady; Anas Biad; Brian Halligan,Early,2023,https://sequoiacap.com/companies/harvey/,https://sequoiacap.com/our-companies/?_paged=3,2026-06-01T13:47:35Z
Health Catalyst,"Health Catalyst is a leading provider of data and analytics technology and services to healthcare organizations, committed to being the catalyst for massive, measurable, data-informed healthcare improvement.",IPO,,Early,2011,https://sequoiacap.com/companies/health-catalyst/,https://sequoiacap.com/our-companies/?_paged=3,2026-06-01T13:47:35Z
Hex,"Hex is an all in one collaborative, AI-powered workspace for data science and analytics.",Growth,,Growth,2023,https://sequoiacap.com/companies/hex/,https://sequoiacap.com/our-companies/?_paged=4,2026-06-01T13:47:35Z
Houzz,Houzz is a visual remodeling platform that helps consumers and design professionals collaborate.,Growth,Alfred Lin,Early,2011,https://sequoiacap.com/companies/houzz/,https://sequoiacap.com/our-companies/?_paged=4,2026-06-01T13:47:35Z
HubSpot,HubSpot builds all-in-one marketing software.,IPO,Pat Grady; Jim Goetz,Early,2011,https://sequoiacap.com/companies/hubspot/,https://sequoiacap.com/our-companies/?_paged=4,2026-06-01T13:47:35Z
Hugging Face,Hugging Face is a community-based repository for open-source ML technology.,Growth,Pat Grady; Sonya Huang; David Cahn,Growth,2022,https://sequoiacap.com/companies/hugging-face/,https://sequoiacap.com/our-companies/?_paged=4,2026-06-01T13:47:35Z
Humble Bundle,"Humble Bundle is a digital content distribution service, now a part of Ziff Davis.",Acquired,Alfred Lin,Early,2011,https://sequoiacap.com/companies/humble-bundle/,https://sequoiacap.com/our-companies/?_paged=4,2026-06-01T13:47:35Z
Iambic Therapeutics,Iambic Therapeutics tackles challenging design problems in drug discovery with its physics-based AI platform.,Early,Bill Coughran,Early,2021,https://sequoiacap.com/companies/iambic-therapeutics/,https://sequoiacap.com/our-companies/?_paged=4,2026-06-01T13:47:35Z
Ineffable Intelligence,Ineffable Intelligence’s mission is to make first contact with superintelligence.,Pre-Seed/Seed,Alfred Lin; Sonya Huang,Pre-Seed/Seed,2026,https://sequoiacap.com/companies/ineffable-intelligence/,https://sequoiacap.com/our-companies/?_paged=4,2026-06-01T13:47:35Z
Inferact,"Founded by the creators and core maintainers of vLLM, Inferact builds AI inference infrastructure.",Pre-Seed/Seed,Lauren Reeder,Pre-Seed/Seed,2025,https://sequoiacap.com/companies/inferact/,https://sequoiacap.com/our-companies/?_paged=4,2026-06-01T13:47:35Z
Infracost,Infracost helps engineering teams understand how their code changes will affect their cloud costs.,Early,Bogomil Balkansky,Pre-Seed/Seed,2021,https://sequoiacap.com/companies/infracost/,https://sequoiacap.com/our-companies/?_paged=4,2026-06-01T13:47:35Z
Inside,Inside.com provides curated email newsletters on industry topics and events for business communities.,Growth,,Early,2007,https://sequoiacap.com/companies/inside/,https://sequoiacap.com/our-companies/?_paged=4,2026-06-01T13:47:35Z
Instacart,Instacart facilitates instant grocery delivery from local stores.,IPO,Michael Moritz; Alfred Lin; Ravi Gupta; James Flynn,Early,2013,https://sequoiacap.com/companies/instacart/,https://sequoiacap.com/our-companies/?_paged=4,2026-06-01T13:47:35Z
Instagram,"Instagram, now part of Meta, is the world’s most popular photo-sharing app.",Acquired,Roelof Botha,Growth,2012,https://sequoiacap.com/companies/instagram/,https://sequoiacap.com/our-companies/?_paged=4,2026-06-01T13:47:35Z
Iris Labs,Iris Labs is a trusted online community for beauty enthusiasts.,Early,Jess Lee,Pre-Seed/Seed,2019,https://sequoiacap.com/companies/iris-labs/,https://sequoiacap.com/our-companies/?_paged=4,2026-06-01T13:47:35Z
Iron Fish,Iron Fish is a Layer 1 blockchain that provides privacy guarantees on every single transaction.,Early,Shaun Maguire,Early,2021,https://sequoiacap.com/companies/iron-fish/,https://sequoiacap.com/our-companies/?_paged=4,2026-06-01T13:47:35Z
Ironclad,Ironclad’s contract solutions empower legal teams to do more legal work and less paperwork.,Growth,Jess Lee,Early,2018,https://sequoiacap.com/companies/ironclad/,https://sequoiacap.com/our-companies/?_paged=4,2026-06-01T13:47:35Z
Irregular,Irregular is a frontier security lab protecting increasingly capable and sophisticated AI systems.,Early,Shaun Maguire; Dean Meyer,Early,2025,https://sequoiacap.com/companies/irregular/,https://sequoiacap.com/our-companies/?_paged=4,2026-06-01T13:47:35Z
Island,"Island is the enterprise browser that makes work fluid, frictionless, and fundamentally secure.",Growth,Doug Leone,Early,2020,https://sequoiacap.com/companies/island/,https://sequoiacap.com/our-companies/?_paged=4,2026-06-01T13:47:35Z
Jasper,"Jasper, now part of Cisco, builds cloud-based platforms for the Internet of Things.",Acquired,Jim Goetz,Early,2005,https://sequoiacap.com/companies/jasper/,https://sequoiacap.com/our-companies/?_paged=4,2026-06-01T13:47:35Z
JITX,JITX lets electrical engineers write code to design circuit boards.,Early,Bill Coughran,Pre-Seed/Seed,2019,https://sequoiacap.com/companies/jitx/,https://sequoiacap.com/our-companies/?_paged=4,2026-06-01T13:47:35Z
Jive Software,"Jive pioneered Social Business Software combining the power of social networking, collaboration and community.",Acquired,Jim Goetz; Pat Grady,Early,2007,https://sequoiacap.com/companies/jive-software/,https://sequoiacap.com/our-companies/?_paged=4,2026-06-01T13:47:35Z
Juicebox,Juicebox is the AI recruiting platform to hire the best talent.,Early,David Cahn; Lauren Reeder; Abhishek Malani; Brian Halligan,Early,2025,https://sequoiacap.com/companies/juicebox/,https://sequoiacap.com/our-companies/?_paged=4,2026-06-01T13:47:35Z
Kalshi,Kalshi is the first federally regulated exchange that allows people to trade on world events.,Early,Alfred Lin; Abhishek Malani,Early,2020,https://sequoiacap.com/companies/kalshi/,https://sequoiacap.com/our-companies/?_paged=4,2026-06-01T13:47:35Z
KAYAK,KAYAK is a travel meta search that allows easy consolidation of booking receipts into one itinerary.,Acquired,Michael Moritz,Growth,2005,https://sequoiacap.com/companies/kayak/,https://sequoiacap.com/our-companies/?_paged=4,2026-06-01T13:47:35Z
Keen Technologies,Keen Technologies is John Carmack’s AGI effort.,,Sonya Huang,,,https://sequoiacap.com/companies/keen-technologies/,https://sequoiacap.com/our-companies/?_paged=4,2026-06-01T13:47:35Z
Kela,Modern defense prime for Israel and Western Allies.,Early,David Cahn; Dean Meyer; Shaun Maguire,Pre-Seed/Seed,2024,https://sequoiacap.com/companies/kela/,https://sequoiacap.com/our-companies/?_paged=4,2026-06-01T13:47:35Z
Klarna,Klarna is a payment solution simplifying the purchasing process.,IPO,Andrew Reed,Growth,2010,https://sequoiacap.com/companies/klarna/,https://sequoiacap.com/our-companies/?_paged=4,2026-06-01T13:47:35Z
Knowde,"Knowde is the marketplace for chemicals, polymers and ingredients.",Growth,Shaun Maguire,Early,2020,https://sequoiacap.com/companies/knowde/,https://sequoiacap.com/our-companies/?_paged=4,2026-06-01T13:47:35Z
Kumo,Kumo makes AI as easy as analytics.,Growth,Konstantine Buhler; Carl Eschenbach,Early,2021,https://sequoiacap.com/companies/kumo/,https://sequoiacap.com/our-companies/?_paged=4,2026-06-01T13:47:35Z
Landis,Landis help renters become homeowners.,Growth,Roelof Botha,Early,2020,https://sequoiacap.com/companies/landis/,https://sequoiacap.com/our-companies/?_paged=4,2026-06-01T13:47:35Z
LangChain,LangChain is an LLM programming framework for AI applications.,Early,Sonya Huang,Early,2024,https://sequoiacap.com/companies/langchain/,https://sequoiacap.com/our-companies/?_paged=4,2026-06-01T13:47:35Z
LayerZero,LayerZero is an omnichain interoperability protocol that enables trustless cross-chain dApp development.,Growth,Shaun Maguire,Early,2022,https://sequoiacap.com/companies/layerzero/,https://sequoiacap.com/our-companies/?_paged=4,2026-06-01T13:47:35Z
Ledgy,"Ledgy’s platform gives companies, employees and investors insight into equity ownership.",Growth,Luciana Lixandru; Anas Biad,Early,2021,https://sequoiacap.com/companies/ledgy/,https://sequoiacap.com/our-companies/?_paged=4,2026-06-01T13:47:35Z
Lemni,Lemni is a plug-and-play environment for custom AI agents that deliver personal customer interactions at scale.,Pre-Seed/Seed,Julien Bek,Pre-Seed/Seed,2024,https://sequoiacap.com/companies/lemni/,https://sequoiacap.com/our-companies/?_paged=4,2026-06-01T13:47:35Z
Lilt,Lilt is the leading AI solution for enterprise translations.,Growth,Bill Coughran,Early,2018,https://sequoiacap.com/companies/lilt/,https://sequoiacap.com/our-companies/?_paged=4,2026-06-01T13:47:35Z
Linear,Linear builds issue tracking tools for developers.,Early,Stephanie Zhan,Pre-Seed/Seed,2019,https://sequoiacap.com/companies/linear/,https://sequoiacap.com/our-companies/?_paged=4,2026-06-01T13:47:35Z
LinkedIn,"LinkedIn, now part of Microsoft, is a social network for professionals.",IPO,Michael Moritz,Early,2003,https://sequoiacap.com/companies/linkedin/,https://sequoiacap.com/our-companies/?_paged=4,2026-06-01T13:47:35Z
LinkExchange,"LinkExchange developed an internet advertising network for SMBs, now part of Microsoft.",Acquired,Michael Moritz,Early,1997,https://sequoiacap.com/companies/linkexchange/,https://sequoiacap.com/our-companies/?_paged=4,2026-06-01T13:47:35Z
LiquidMetal AI,LiquidMetal AI (fka Seaplane) builds your AI infused application on top of the worldclass Cloudflare infrastructure.,Early,Bill Coughran,Pre-Seed/Seed,2020,https://sequoiacap.com/companies/liquidmetal-ai/,https://sequoiacap.com/our-companies/?_paged=4,2026-06-01T13:47:35Z
Listen Labs,Listen Labs is an autonomous AI researcher that talks to thousands of customers to find out what they want and why.,Early,Bryan Schreier; Charlie Curnin,Pre-Seed/Seed,2023,https://sequoiacap.com/companies/listen-labs/,https://sequoiacap.com/our-companies/?_paged=4,2026-06-01T13:47:35Z
Loom,"Loom, now part of Atlassian, is a workplace collaboration tool that allows for instant sharing of videos.",Acquired,Andrew Reed,Growth,2019,https://sequoiacap.com/companies/loom/,https://sequoiacap.com/our-companies/?_paged=4,2026-06-01T13:47:35Z
LSI Logic,"LSI Logic Corporation was a pioneer in the ASIC and EDA industries. It evolved over time to design and sell semiconductors and software that accelerated storage and networking in data centers, mobile networks and client computing.",IPO,,Growth,1981,https://sequoiacap.com/companies/lsi-logic/,https://sequoiacap.com/our-companies/?_paged=4,2026-06-01T13:47:35Z
Lugg,Lugg is an on-demand moving and storage company.,Pre-Seed/Seed,,Pre-Seed/Seed,2015,https://sequoiacap.com/companies/lugg/,https://sequoiacap.com/our-companies/?_paged=4,2026-06-01T13:47:35Z
Mach Industries,Mach Industries is building a defense company for the post-unmanned world.,Pre-Seed/Seed,Shaun Maguire; Stephanie Zhan,Pre-Seed/Seed,2023,https://sequoiacap.com/companies/mach/,https://sequoiacap.com/our-companies/?_paged=4,2026-06-01T13:47:35Z
Magentic,Magentic is building the AI Agent Platform for the world’s supply chains.,Pre-Seed/Seed,Julien Bek,Pre-Seed/Seed,2024,https://sequoiacap.com/companies/magentic/,https://sequoiacap.com/our-companies/?_paged=4,2026-06-01T13:47:35Z
Magic,Magic is training frontier models to build an AI software engineer that feels like a co-worker.,Growth,Sonya Huang,Growth,2024,https://sequoiacap.com/companies/magic/,https://sequoiacap.com/our-companies/?_paged=4,2026-06-01T13:47:35Z
Magic Eden,"Magic Eden is the leading destination for NFT discovery, expression, and ownership across digital cultures.",Growth,Josephine Chen,Early,2021,https://sequoiacap.com/companies/magic-eden/,https://sequoiacap.com/our-companies/?_paged=4,2026-06-01T13:47:35Z
Maven,Maven is a women’s health telemedicine network.,Growth,Jess Lee,Early,2018,https://sequoiacap.com/companies/maven-clinic/,https://sequoiacap.com/our-companies/?_paged=4,2026-06-01T13:47:35Z
Medallia,Medallia offers customer experience management software.,IPO,Doug Leone; Carl Eschenbach; Pat Grady,Growth,2011,https://sequoiacap.com/companies/medallia/,https://sequoiacap.com/our-companies/?_paged=4,2026-06-01T13:47:35Z
Medallion,Medallion is a workflow automation company for healthcare that offers licensing and credentialing.,Growth,Andrew Reed,Growth,2021,https://sequoiacap.com/companies/medallion/,https://sequoiacap.com/our-companies/?_paged=4,2026-06-01T13:47:35Z
Meeno,Meeno is a relationship mentoring app powered by generative AI.,Pre-Seed/Seed,Roelof Botha,Pre-Seed/Seed,2023,https://sequoiacap.com/companies/meeno/,https://sequoiacap.com/our-companies/?_paged=4,2026-06-01T13:47:35Z
Mellanox,Mellanox (acquired by Nvidia) developed high-performance networking solutions for data centers.,Acquired,,Early,1999,https://sequoiacap.com/companies/mellanox/,https://sequoiacap.com/our-companies/?_paged=4,2026-06-01T13:47:35Z
Meraki,"Meraki, now part of Cisco, provides routing and security solutions.",Acquired,Doug Leone; Jim Goetz,Early,2006,https://sequoiacap.com/companies/meraki/,https://sequoiacap.com/our-companies/?_paged=4,2026-06-01T13:47:35Z
Mercury,Mercury is a financial technology company that connects start ups and SMBs seamlessly to banking services.,Growth,Sonya Huang; Isaiah Boone,Growth,2025,https://sequoiacap.com/companies/mercury/,https://sequoiacap.com/our-companies/?_paged=5,2026-06-01T13:47:35Z
Meter,Meter provides internet infrastructure for businesses.,Growth,Ravi Gupta; Isaiah Boone,Growth,2022,https://sequoiacap.com/companies/meter/,https://sequoiacap.com/our-companies/?_paged=5,2026-06-01T13:47:35Z
Microchip Technology,"Microchip Technology is a leading provider of smart, connected and secure embedded control and processing solutions.",IPO,,Growth,1989,https://sequoiacap.com/companies/microchip-technology/,https://sequoiacap.com/our-companies/?_paged=5,2026-06-01T13:47:35Z
Middesk,Middesk makes software that builds trust between businesses.,Growth,Stephanie Zhan,Pre-Seed/Seed,2019,https://sequoiacap.com/companies/middesk/,https://sequoiacap.com/our-companies/?_paged=5,2026-06-01T13:47:35Z
Mindy,Mindy is an AI-powered creator/brand platform built to fix the broken engine of influencer marketing.,Pre-Seed/Seed,Roelof Botha,Pre-Seed/Seed,2023,https://sequoiacap.com/companies/mindy/,https://sequoiacap.com/our-companies/?_paged=5,2026-06-01T13:47:35Z
Mithril,"Mithril is orchestrating the world’s compute capacity, making it universally accessible for AI workloads.",Early,Shaun Maguire,Pre-Seed/Seed,2022,https://sequoiacap.com/companies/mithril/,https://sequoiacap.com/our-companies/?_paged=5,2026-06-01T13:47:35Z
Monad,Monad’s platform unites security data silos and builds effective security and compliance workflows.,Early,Shaun Maguire,Pre-Seed/Seed,2020,https://sequoiacap.com/companies/monad/,https://sequoiacap.com/our-companies/?_paged=5,2026-06-01T13:47:35Z
MongoDB,MongoDB is the leading general-purpose database platform.,IPO,Roelof Botha,Early,2010,https://sequoiacap.com/companies/mongodb/,https://sequoiacap.com/our-companies/?_paged=5,2026-06-01T13:47:35Z
Moovit,"Moovit, now part of Intel, is a leading Mobility as a Service (MaaS) solutions provider and creator of the popular urban mobility app.",Acquired,Alfred Lin,Growth,2013,https://sequoiacap.com/companies/moovit/,https://sequoiacap.com/our-companies/?_paged=5,2026-06-01T13:47:35Z
Mos,Mos is an app that gives college students access to the largest pool of financial aid and scholarships in America.,Acquired,Jess Lee; George Robson,Early,2020,https://sequoiacap.com/companies/mos/,https://sequoiacap.com/our-companies/?_paged=5,2026-06-01T13:47:35Z
Mutiny,Mutiny is a no-code AI platform helping marketers convert their top-of-funnel demand into revenue.,Growth,Bogomil Balkansky,Early,2021,https://sequoiacap.com/companies/mutiny/,https://sequoiacap.com/our-companies/?_paged=5,2026-06-01T13:47:35Z
MyOme,MyOme is a clinical whole genome analysis platform company helping families understand their risk for inherited diseases.,Growth,Roelof Botha,Pre-Seed/Seed,2019,https://sequoiacap.com/companies/myome/,https://sequoiacap.com/our-companies/?_paged=5,2026-06-01T13:47:35Z
n8n,n8n is a free low-code workflow automation tool.,Growth,George Robson,Pre-Seed/Seed,2020,https://sequoiacap.com/companies/n8n/,https://sequoiacap.com/our-companies/?_paged=5,2026-06-01T13:47:35Z
Natera,Natera provides DNA testing across multiple clinical areas including women’s health and oncology.,IPO,Roelof Botha,Early,2007,https://sequoiacap.com/companies/natera/,https://sequoiacap.com/our-companies/?_paged=5,2026-06-01T13:47:35Z
Neeva,"Neeva is search reimagined—ad-free, private and deeply personal.",Acquired,Bill Coughran; Jim Goetz; Pat Grady,Early,2019,https://sequoiacap.com/companies/neeva/,https://sequoiacap.com/our-companies/?_paged=5,2026-06-01T13:47:35Z
Neros,Neros develops and manufactures advanced unmanned drone systems for battlefield defense with a U.S. supply chain.,Pre-Seed/Seed,Shaun Maguire; James Flynn,Pre-Seed/Seed,2023,https://sequoiacap.com/companies/neros/,https://sequoiacap.com/our-companies/?_paged=5,2026-06-01T13:47:35Z
NetApp,NetApp is a computer storage and network data management company.,IPO,,Growth,1994,https://sequoiacap.com/companies/netapp/,https://sequoiacap.com/our-companies/?_paged=5,2026-06-01T13:47:35Z
Neuralink,Neuralink is building a brain-computer interface for medical needs and greater human potential.,Growth,Shaun Maguire; Andrew Reed; James Flynn,Growth,2025,https://sequoiacap.com/companies/neuralink/,https://sequoiacap.com/our-companies/?_paged=5,2026-06-01T13:47:35Z
Nevis,"Nevis is an AI platform for wealth management that transforms how financial advisors operate by automating end-to-end workflows, enabling them to focus on client relationships, growth and delivering personalized advice at scale.",Early,Luciana Lixandru; George Robson,Pre-Seed/Seed,2024,https://sequoiacap.com/companies/nevis/,https://sequoiacap.com/our-companies/?_paged=5,2026-06-01T13:47:35Z
Nimble Rx,Nimble RX is an online pharmacy that offers free same-day delivery.,Growth,,Early,2015,https://sequoiacap.com/companies/nimble-rx/,https://sequoiacap.com/our-companies/?_paged=5,2026-06-01T13:47:35Z
Nimble Storage,"Nimble Storage, now part of Hewlett-Packard, builds hardware and software for data storage.",IPO,Jim Goetz,Early,2008,https://sequoiacap.com/companies/nimble-storage/,https://sequoiacap.com/our-companies/?_paged=5,2026-06-01T13:47:35Z
Nominal,Nominal builds software that transforms how engineers test and operate mission-critical hardware.,Growth,Alfred Lin; Anas Biad,Growth,2025,https://sequoiacap.com/companies/nominal/,https://sequoiacap.com/our-companies/?_paged=5,2026-06-01T13:47:35Z
Noom,Noom is the world’s leading behavior change company focused on weight loss.,Growth,Ravi Gupta,Growth,2019,https://sequoiacap.com/companies/noom/,https://sequoiacap.com/our-companies/?_paged=5,2026-06-01T13:47:35Z
Notion,"Notion is a collaborative workspace with notes, docs, wikis, and projects.",Growth,Pat Grady; David Cahn,Growth,2021,https://sequoiacap.com/companies/notion/,https://sequoiacap.com/our-companies/?_paged=5,2026-06-01T13:47:35Z
nsave,"nsave offers trusted offshore USD, EUR and GBP accounts for people from countries with unstable economies.",Early,George Robson,Pre-Seed/Seed,2022,https://sequoiacap.com/companies/nsave/,https://sequoiacap.com/our-companies/?_paged=5,2026-06-01T13:47:35Z
Nubank,Nubank provides next-generation mobile banking and financial services to the Latin American market.,IPO,Doug Leone; Sonya Huang,Pre-Seed/Seed,2013,https://sequoiacap.com/companies/nubank/,https://sequoiacap.com/our-companies/?_paged=5,2026-06-01T13:47:35Z
NUVACORE,"At its heart, NUVACORE is building a general-purpose CPU core that is focused on two massive pillars of modern hardware: maximum performance and absolute area efficiency.",Pre-Seed/Seed,Konstantine Buhler; Liam Corrigan,Pre-Seed/Seed,2026,https://sequoiacap.com/companies/nuvacore/,https://sequoiacap.com/our-companies/?_paged=5,2026-06-01T13:47:35Z
Nuvo,"Nuvo is building the infrastructure to transform how businesses connect, trade and grow.",Early,Bryan Schreier; Josephine Chen,Early,2024,https://sequoiacap.com/companies/nuvo/,https://sequoiacap.com/our-companies/?_paged=5,2026-06-01T13:47:35Z
NVIDIA,NVIDIA is a pioneer in the art and science of visual computing.,IPO,,Pre-Seed/Seed,1993,https://sequoiacap.com/companies/nvidia/,https://sequoiacap.com/our-companies/?_paged=5,2026-06-01T13:47:35Z
nxyz,"nxyz builds real-time, flexible blockchain data APIs.",Acquired,Bill Coughran,Early,2022,https://sequoiacap.com/companies/nxyz/,https://sequoiacap.com/our-companies/?_paged=5,2026-06-01T13:47:35Z
Oasis Security,Oasis is the first enterprise platform for non-human identity management.,Early,Bogomil Balkansky; Doug Leone,Pre-Seed/Seed,2023,https://sequoiacap.com/companies/oasis-security/,https://sequoiacap.com/our-companies/?_paged=5,2026-06-01T13:47:35Z
Observable,Observable is a web-based platform for data practitioners.,Growth,Jim Goetz,Pre-Seed/Seed,2016,https://sequoiacap.com/companies/observable/,https://sequoiacap.com/our-companies/?_paged=5,2026-06-01T13:47:35Z
Odoo,"Odoo is a suite of fully integrated, open-source business apps that cover all your company needs.",Growth,Andrew Reed; Pat Grady; Isaiah Boone,Growth,2024,https://sequoiacap.com/companies/odoo/,https://sequoiacap.com/our-companies/?_paged=5,2026-06-01T13:47:35Z
Okta,Okta is an identity-management service that securely and simply connects people to their applications.,IPO,Pat Grady; Jim Goetz,Growth,2012,https://sequoiacap.com/companies/okta/,https://sequoiacap.com/our-companies/?_paged=5,2026-06-01T13:47:35Z
Omnicell,"Omnicell manufactures automated systems for medication management in hospitals and other healthcare settings, and medication adherence packaging and patient engagement software used by retail pharmacies.",IPO,,Growth,1995,https://sequoiacap.com/companies/omnicell/,https://sequoiacap.com/our-companies/?_paged=5,2026-06-01T13:47:35Z
Open,Open (formerly Acelerate) is an online sales engine helps restaurants effortlessly increase their sales and profits.,Early,Ravi Gupta; Isaiah Boone,Early,2021,https://sequoiacap.com/companies/open/,https://sequoiacap.com/our-companies/?_paged=5,2026-06-01T13:47:35Z
OpenAI,OpenAI is an AI research and deployment company dedicated to ensuring that general-purpose artificial intelligence benefits all of humanity.,Growth,Pat Grady; Alfred Lin; Sonya Huang; James Flynn,Growth,2021,https://sequoiacap.com/companies/openai/,https://sequoiacap.com/our-companies/?_paged=5,2026-06-01T13:47:35Z
OpenDNS,"OpenDNS, now part of Cisco, is a suite of consumer products aimed at making the internet faster, safer and more reliable.",Acquired,Pat Grady,Early,2009,https://sequoiacap.com/companies/opendns/,https://sequoiacap.com/our-companies/?_paged=5,2026-06-01T13:47:35Z
OpenEvidence,OpenEvidence is an AI copilot for doctors that helps them make high stakes decisions at the point of care.,Early,Pat Grady; James Flynn,Early,2024,https://sequoiacap.com/companies/openevidence/,https://sequoiacap.com/our-companies/?_paged=5,2026-06-01T13:47:35Z
Oracle,Oracle engineers software for enterprise information management.,IPO,,Early,1983,https://sequoiacap.com/companies/oracle/,https://sequoiacap.com/our-companies/?_paged=5,2026-06-01T13:47:35Z
Orbital Insight,Orbital Insight transforms aerial imagery into actionable information.,Growth,,Early,2014,https://sequoiacap.com/companies/orbital-insight/,https://sequoiacap.com/our-companies/?_paged=5,2026-06-01T13:47:35Z
Oso,Oso is an open-source library for developers to make it easier to build authorization in their applications.,Early,Bill Coughran,Pre-Seed/Seed,2019,https://sequoiacap.com/companies/oso/,https://sequoiacap.com/our-companies/?_paged=5,2026-06-01T13:47:35Z
Otter,Otter matches parents who need childcare with stay-at-home parents who can care for their kids.,Early,Jess Lee; Alfred Lin,Early,2021,https://sequoiacap.com/companies/otter/,https://sequoiacap.com/our-companies/?_paged=5,2026-06-01T13:47:35Z
Otto Finance,Otto revolutionizes wealth management by supercharging adviser productivity and transforming client experiences through AI-powered automation.,Pre-Seed/Seed,,Pre-Seed/Seed,2022,https://sequoiacap.com/companies/otto-finance/,https://sequoiacap.com/our-companies/?_paged=5,2026-06-01T13:47:35Z
Pace,Pace is where hundreds of small groups find human connection on the internet every week.,Pre-Seed/Seed,Jess Lee; Bryan Schreier; Lauren Reeder,Pre-Seed/Seed,2020,https://sequoiacap.com/companies/pace/,https://sequoiacap.com/our-companies/?_paged=5,2026-06-01T13:47:35Z
Paid,"Paid is an all-in-one, drop-in Revenue Engine for AI Agents.",Pre-Seed/Seed,Pat Grady,Pre-Seed/Seed,2025,https://sequoiacap.com/companies/paid/,https://sequoiacap.com/our-companies/?_paged=5,2026-06-01T13:47:35Z
Palo Alto Networks,Palo Alto Networks is a global cybersecurity leader focused on the cloud.,IPO,Jim Goetz; Carl Eschenbach,Early,2005,https://sequoiacap.com/companies/palo-alto-networks/,https://sequoiacap.com/our-companies/?_paged=5,2026-06-01T13:47:35Z
Papaya,Papaya makes paying bills as easy as snapping a photo.,Growth,Andrew Reed,Early,2018,https://sequoiacap.com/companies/papaya/,https://sequoiacap.com/our-companies/?_paged=5,2026-06-01T13:47:35Z
Parallel,Parallel is an institutional-grade lending protocol for proof-of-stake blockchains.,Early,,Early,2021,https://sequoiacap.com/companies/parallel/,https://sequoiacap.com/our-companies/?_paged=5,2026-06-01T13:47:35Z
Parallel Web Systems,Parallel Web Systems is the highest accuracy web search for your AI.,Growth,Andrew Reed; Abhishek Malani; Sonali Singh,Growth,2026,https://sequoiacap.com/companies/parallel-web-systems/,https://sequoiacap.com/our-companies/?_paged=5,2026-06-01T13:47:35Z
PayPal,PayPal is the digital payment solution behind the digital wallet.,IPO,Michael Moritz,Growth,1999,https://sequoiacap.com/companies/paypal/,https://sequoiacap.com/our-companies/?_paged=5,2026-06-01T13:47:35Z
Pendulum,Pendulum is a biotechnology company working to improve the human microbiome.,Growth,Jess Lee; Roelof Botha; Sonya Huang,Early,2017,https://sequoiacap.com/companies/pendulum-therapeutics/,https://sequoiacap.com/our-companies/?_paged=6,2026-06-01T13:47:35Z
Pennylane,Pennylane is the all-in-one financial and accounting platform for business owners and their CPAs.,Growth,Luciana Lixandru; George Robson; Anas Biad,Early,2021,https://sequoiacap.com/companies/pennylane/,https://sequoiacap.com/our-companies/?_paged=6,2026-06-01T13:47:35Z
Peregrine,Peregrine creates software that helps organizations integrate and analyze large and complex data stores to create intelligence and inform enterprise decision making.,Growth,Andrew Reed,Growth,2025,https://sequoiacap.com/companies/peregrine/,https://sequoiacap.com/our-companies/?_paged=6,2026-06-01T13:47:35Z
Phantom,"Phantom is the leading non-custodial crypto wallet, designed for mass adoption.",Growth,Andrew Reed; James Flynn,Growth,2024,https://sequoiacap.com/companies/phantom/,https://sequoiacap.com/our-companies/?_paged=6,2026-06-01T13:47:35Z
Pharming Group,A global biopharmaceutical company developing and commercializing innovative protein replacement therapies and precision medicines to serve the unserved rare disease patient.,IPO,,Growth,1995,https://sequoiacap.com/companies/pharming-group/,https://sequoiacap.com/our-companies/?_paged=6,2026-06-01T13:47:35Z
Physical Intelligence,"Physical Intelligence is building a foundation model for robotics, bringing general-purpose AI into the physical world.",Pre-Seed/Seed,Alfred Lin,Pre-Seed/Seed,2024,https://sequoiacap.com/companies/physical-intelligence/,https://sequoiacap.com/our-companies/?_paged=6,2026-06-01T13:47:35Z
Physna,Physna codifies 3D models into detailed data for software applications.,Growth,Shaun Maguire; Doug Leone,Early,2020,https://sequoiacap.com/companies/physna/,https://sequoiacap.com/our-companies/?_paged=6,2026-06-01T13:47:35Z
Piazza,"Piazza is a social learning platform connecting students, instructors and employers.",Growth,,Pre-Seed/Seed,2011,https://sequoiacap.com/companies/piazza/,https://sequoiacap.com/our-companies/?_paged=6,2026-06-01T13:47:35Z
PicsArt,PicsArt is a creative platform with free-to-use editing tools.,Growth,,Early,2014,https://sequoiacap.com/companies/picsart/,https://sequoiacap.com/our-companies/?_paged=6,2026-06-01T13:47:35Z
Pilot,"Pilot provides bookkeeping, tax preparation and CFO services for startups and small businesses.",Growth,Pat Grady,Growth,2020,https://sequoiacap.com/companies/pilot/,https://sequoiacap.com/our-companies/?_paged=6,2026-06-01T13:47:35Z
Pixelworks,"Pixelworks’ technology and solutions cover end to end, optimized video delivery that is true to its creator’s intent with a highly authentic viewing experience.",IPO,,Growth,1998,https://sequoiacap.com/companies/pixelworks/,https://sequoiacap.com/our-companies/?_paged=6,2026-06-01T13:47:35Z
PlanGrid,"PlanGrid, now part of Autodesk, builds construction software for the field.",Acquired,Doug Leone,Early,2014,https://sequoiacap.com/companies/plangrid/,https://sequoiacap.com/our-companies/?_paged=6,2026-06-01T13:47:35Z
Pocket Gems,Pocket Gems makes graphically rich mobile games and fun new genres of mobile entertainment.,Growth,,Early,2010,https://sequoiacap.com/companies/pocket-gems/,https://sequoiacap.com/our-companies/?_paged=6,2026-06-01T13:47:35Z
Popsink,Popsink helps companies build the next generation of data services.,Pre-Seed/Seed,,Pre-Seed/Seed,2022,https://sequoiacap.com/companies/popsink/,https://sequoiacap.com/our-companies/?_paged=6,2026-06-01T13:47:35Z
Prelude,Prelude is a technology company that hardens cybersecurity defenses.,Early,Bill Coughran,Early,2021,https://sequoiacap.com/companies/prelude/,https://sequoiacap.com/our-companies/?_paged=6,2026-06-01T13:47:35Z
Privy,Privy (acquired by Stripe) makes Simple APIs to manage user data off-chain.,Acquired,Shaun Maguire; Josephine Chen,Pre-Seed/Seed,2021,https://sequoiacap.com/companies/privy/,https://sequoiacap.com/our-companies/?_paged=6,2026-06-01T13:47:35Z
Productboard,Productboard is a product-management system that helps organizations build the right products.,Growth,Andrew Reed,Growth,2019,https://sequoiacap.com/companies/productboard/,https://sequoiacap.com/our-companies/?_paged=6,2026-06-01T13:47:35Z
Profound,Profound is an AI visibility and content creation platform that helps brands monitor and optimize how they appear in AI-powered search results.,Growth,Anas Biad,Growth,2025,https://sequoiacap.com/companies/profound/,https://sequoiacap.com/our-companies/?_paged=6,2026-06-01T13:47:35Z
Protégé,Protégé is a platform where you can get your talent discovered by the best experts in the world.,Pre-Seed/Seed,Jess Lee,Pre-Seed/Seed,2021,https://sequoiacap.com/companies/protege/,https://sequoiacap.com/our-companies/?_paged=6,2026-06-01T13:47:35Z
Pydantic,Pydantic is an AI agent framework and LLM observability solution.,Early,Charlie Curnin; Bogomil Balkansky,Pre-Seed/Seed,2023,https://sequoiacap.com/companies/pydantic/,https://sequoiacap.com/our-companies/?_paged=6,2026-06-01T13:47:35Z
Qualtrics,Qualtrics builds operating systemS for experience management.,IPO,Bryan Schreier; Pat Grady,Early,2012,https://sequoiacap.com/companies/qualtrics/,https://sequoiacap.com/our-companies/?_paged=6,2026-06-01T13:47:35Z
Quantenna,Quantenna manufactured next-generation low-power wireless semiconductors focused on Wi-Fi networks.,Acquired,Jim Goetz,Early,2006,https://sequoiacap.com/companies/quantenna/,https://sequoiacap.com/our-companies/?_paged=6,2026-06-01T13:47:35Z
Quantum Circuits,Quantum Circuts builds quantum computers designed to scale.,Growth,Bill Coughran,Early,2017,https://sequoiacap.com/companies/quantum-circuits/,https://sequoiacap.com/our-companies/?_paged=6,2026-06-01T13:47:35Z
QueryPal,"QueryPal, formerly CtrlStack, transforms your support operations by slashing ticket response times.",Early,Bill Coughran,Pre-Seed/Seed,2020,https://sequoiacap.com/companies/querypal/,https://sequoiacap.com/our-companies/?_paged=6,2026-06-01T13:47:35Z
QuickLogic,QuickLogic is the leading provider of open reconfigurable computing solutions based on 100% open source software and hardware.,IPO,,Early,1989,https://sequoiacap.com/companies/quicklogic/,https://sequoiacap.com/our-companies/?_paged=6,2026-06-01T13:47:35Z
Quilt,Quilt empowers solutions teams with AI,Pre-Seed/Seed,Konstantine Buhler,Pre-Seed/Seed,2023,https://sequoiacap.com/companies/quilt/,https://sequoiacap.com/our-companies/?_paged=6,2026-06-01T13:47:35Z
Quince Therapeutics,Quince Therapeutics (fka Cortexyme) is a late-stage biotechnology company dedicated to unlocking the power of a patient’s own biology for the treatment of rare diseases.,IPO,,Growth,2018,https://sequoiacap.com/companies/quince-therapeutics/,https://sequoiacap.com/our-companies/?_paged=6,2026-06-01T13:47:35Z
Rackspace,"Rackspace offers hybrid multicloud solutions, including applications, data, security and AI, across every industry.",IPO,,Early,2000,https://sequoiacap.com/companies/rackspace/,https://sequoiacap.com/our-companies/?_paged=6,2026-06-01T13:47:35Z
Ramp,"Ramp provides spend management, corporate cards and accounts payable solutions for businesses.",Growth,Ravi Gupta,Growth,2023,https://sequoiacap.com/companies/ramp/,https://sequoiacap.com/our-companies/?_paged=6,2026-06-01T13:47:35Z
Rappi,Rappi is an on-demand delivery platform for Latin America.,Growth,Andrew Reed,Early,2016,https://sequoiacap.com/companies/rappi/,https://sequoiacap.com/our-companies/?_paged=6,2026-06-01T13:47:35Z
Rec Room,Rec Room is a cross platform digital third place for kids at heart.,Growth,Andrew Reed,Pre-Seed/Seed,2016,https://sequoiacap.com/companies/rec-room/,https://sequoiacap.com/our-companies/?_paged=6,2026-06-01T13:47:35Z
reddit,Reddit is the internet’s leading source of interest-based content.,IPO,Alfred Lin,Growth,2014,https://sequoiacap.com/companies/reddit/,https://sequoiacap.com/our-companies/?_paged=6,2026-06-01T13:47:35Z
Reflect Orbital,Reflect Orbital sells sunlight at night.,Early,Shaun Maguire,Pre-Seed/Seed,2024,https://sequoiacap.com/companies/reflect-orbital/,https://sequoiacap.com/our-companies/?_paged=6,2026-06-01T13:47:35Z
Reflection AI,"Reflection AI is building superintelligent autonomous systems, starting with coding agents.",Early,Stephanie Zhan; Charlie Curnin,Pre-Seed/Seed,2024,https://sequoiacap.com/companies/reflection-ai/,https://sequoiacap.com/our-companies/?_paged=6,2026-06-01T13:47:35Z
Release,Release provides ephemeral environments as a service that can be used in QA and staging.,Early,,Pre-Seed/Seed,2020,https://sequoiacap.com/companies/release/,https://sequoiacap.com/our-companies/?_paged=6,2026-06-01T13:47:35Z
Remote,Remote helps companies manage international workforces.,Growth,Ravi Gupta,Growth,2020,https://sequoiacap.com/companies/remote/,https://sequoiacap.com/our-companies/?_paged=6,2026-06-01T13:47:35Z
Replicate,Replicate runs machine learning models in the cloud.,Early,,Pre-Seed/Seed,2021,https://sequoiacap.com/companies/replicate/,https://sequoiacap.com/our-companies/?_paged=6,2026-06-01T13:47:35Z
Retool,Retool is the fastest way to build internal applications.,Growth,Bryan Schreier; Carl Eschenbach,Early,2019,https://sequoiacap.com/companies/retool/,https://sequoiacap.com/our-companies/?_paged=6,2026-06-01T13:47:35Z
RevMap,RevMap bridges product and sales teams so companies can build better products and sell more efficiently.,Pre-Seed/Seed,,Pre-Seed/Seed,2022,https://sequoiacap.com/companies/revmap/,https://sequoiacap.com/our-companies/?_paged=6,2026-06-01T13:47:35Z
Ricursive Intelligence,"Ricursive builds the AI stack that designs, verifies and closes silicon.",Early,Stephanie Zhan,Pre-Seed/Seed,2025,https://sequoiacap.com/companies/ricursive-intelligence/,https://sequoiacap.com/our-companies/?_paged=6,2026-06-01T13:47:35Z
Rift,Rift is a focused platform for sales teams that consolidates outbound sales tooling and data in one place.,Pre-Seed/Seed,Charlie Curnin,Pre-Seed/Seed,2022,https://sequoiacap.com/companies/rift/,https://sequoiacap.com/our-companies/?_paged=6,2026-06-01T13:47:35Z
Rillet,Rillet is the AI-native ERP automating accounting for growing companies.,Growth,Julien Bek; Brian Halligan; Roelof Botha,Early,2025,https://sequoiacap.com/companies/rillet/,https://sequoiacap.com/our-companies/?_paged=6,2026-06-01T13:47:35Z
RingCentral,RingCentral provides cloud-based phone systems for today’s mobile and distributed businesses.,IPO,Doug Leone,Early,2006,https://sequoiacap.com/companies/ringcentral/,https://sequoiacap.com/our-companies/?_paged=6,2026-06-01T13:47:35Z
Rippling,Rippling connects every business system to one source of truth for employee data.,Growth,Isaiah Boone,Growth,2021,https://sequoiacap.com/companies/rippling/,https://sequoiacap.com/our-companies/?_paged=6,2026-06-01T13:47:35Z
Robco,"Robco rethinks how products are made, using modular robot systems.",Growth,Luciana Lixandru; Shaun Maguire,Early,2022,https://sequoiacap.com/companies/robco/,https://sequoiacap.com/our-companies/?_paged=6,2026-06-01T13:47:35Z
Robinhood,Robinhood lets anyone invest in the stock market for free.,IPO,Andrew Reed,Growth,2018,https://sequoiacap.com/companies/robinhood/,https://sequoiacap.com/our-companies/?_paged=6,2026-06-01T13:47:35Z
Robust Intelligence,"Robust Intelligence, now a part of Cisco, is a security company that integrates seamlessly into the AI-development life cycle.",Acquired,Bill Coughran,Pre-Seed/Seed,2019,https://sequoiacap.com/companies/robust-intelligence/,https://sequoiacap.com/our-companies/?_paged=6,2026-06-01T13:47:35Z
Rogo,"Rogo, the generative AI platform for finance, helps bankers and investors work smarter, move faster and win more deals.",Growth,Brian Halligan; Pat Grady; James Flynn,Growth,2025,https://sequoiacap.com/companies/rogo/,https://sequoiacap.com/our-companies/?_paged=6,2026-06-01T13:47:35Z
Roon,Roon is re-imagining medical content and health communities.,Early,Jess Lee,Pre-Seed/Seed,2022,https://sequoiacap.com/companies/roon/,https://sequoiacap.com/our-companies/?_paged=6,2026-06-01T13:47:35Z
Rowspace,"Rowspace helps financial firms make faster, sharper decisions by turning their proprietary data into compounding edge with AI.",Early,Alfred Lin,Pre-Seed/Seed,2025,https://sequoiacap.com/companies/rowspace/,https://sequoiacap.com/our-companies/?_paged=6,2026-06-01T13:47:35Z
Rox,Rox helps businesses secure and grow revenue.,Early,Konstantine Buhler; Josephine Chen,Pre-Seed/Seed,2024,https://sequoiacap.com/companies/rox/,https://sequoiacap.com/our-companies/?_paged=6,2026-06-01T13:47:35Z
Ruckus Networks,"Ruckus Networks, now part of CommScope, is a pioneer in the wireless infrastructure market for high bandwidth applications and services.",IPO,Jim Goetz,Early,2002,https://sequoiacap.com/companies/ruckus-networks/,https://sequoiacap.com/our-companies/?_paged=6,2026-06-01T13:47:35Z
Safara,Safara is the online travel agency for Millennials and Gen-Z.,Pre-Seed/Seed,,Pre-Seed/Seed,2022,https://sequoiacap.com/companies/safara/,https://sequoiacap.com/our-companies/?_paged=7,2026-06-01T13:47:35Z
Safe Superintelligence,"The world’s first straight-shot SSI lab, with one goal and one product: a safe superintelligence.",Growth,Shaun Maguire; Andrew Reed,Growth,2024,https://sequoiacap.com/companies/safe-superintelligence/,https://sequoiacap.com/our-companies/?_paged=7,2026-06-01T13:47:35Z
Salt Security,Salt Security is a cybersecurity company focused on securing APIs.,Growth,Carl Eschenbach; Bogomil Balkansky,Growth,2020,https://sequoiacap.com/companies/salt-security/,https://sequoiacap.com/our-companies/?_paged=7,2026-06-01T13:47:35Z
Sandstone,"Sandstone enables modern in-house teams to move at the speed of AI, deliver better outcomes and create measurable value.",Pre-Seed/Seed,Bogomil Balkansky,Pre-Seed/Seed,2025,https://sequoiacap.com/companies/sandstone/,https://sequoiacap.com/our-companies/?_paged=7,2026-06-01T13:47:35Z
Scanner,"Scanner lets teams search and monitor years of security data, not just the 30 days a SIEM keeps.",Early,Bogomil Balkansky,Early,2026,https://sequoiacap.com/companies/scanner/,https://sequoiacap.com/our-companies/?_paged=7,2026-06-01T13:47:35Z
Security Scorecard,Security Scorecard is the global leader in cybersecurity ratings.,Growth,Doug Leone,Early,2015,https://sequoiacap.com/companies/security-scorecard/,https://sequoiacap.com/our-companies/?_paged=7,2026-06-01T13:47:35Z
Semgrep,Semgrep is a code scanning platform for finding first and third-party security vulnerabilities in your code base.,Growth,Jim Goetz; Shaun Maguire,Pre-Seed/Seed,2017,https://sequoiacap.com/companies/semgrep/,https://sequoiacap.com/our-companies/?_paged=7,2026-06-01T13:47:35Z
SendCutSend,SendCutSend powers American reindustrialization by delivering manufacturing services to everyone from independent inventors to global enterprises.,Early,Andrew Reed,Early,2026,https://sequoiacap.com/companies/sendcutsend/,https://sequoiacap.com/our-companies/?_paged=7,2026-06-01T13:47:35Z
Serval,"Serval is the AI platform for IT teams to resolve help desk requests, build workflows, and manage tickets, software access, and assets.",Growth,Anas Biad; Brian Halligan; Sonali Singh,Growth,2025,https://sequoiacap.com/companies/serval/,https://sequoiacap.com/our-companies/?_paged=7,2026-06-01T13:47:35Z
ServiceNow,ServiceNow is a digital workflow engine that increases productivity by simplifying work.,IPO,Doug Leone; Pat Grady,Growth,2009,https://sequoiacap.com/companies/servicenow/,https://sequoiacap.com/our-companies/?_paged=7,2026-06-01T13:47:35Z
Sesame AI,"Sesame envisions a future where computers are lifelike—able to see, hear and collaborate naturally with humans—and is building a new kind of computer centered on integrating voice agents into everyday life.",Growth,David Cahn; Roelof Botha,Growth,2025,https://sequoiacap.com/companies/sesame-ai/,https://sequoiacap.com/our-companies/?_paged=7,2026-06-01T13:47:35Z
Sierra,Sierra is a conversational AI platform for businesses.,Growth,Ravi Gupta,Early,2023,https://sequoiacap.com/companies/sierra/,https://sequoiacap.com/our-companies/?_paged=7,2026-06-01T13:47:35Z
Skild AI,"Skild AI is building a scalable AI foundation model for robotics to unlock intelligence in the embodied, physical world.",Early,Stephanie Zhan,Pre-Seed/Seed,2023,https://sequoiacap.com/companies/skild-ai/,https://sequoiacap.com/our-companies/?_paged=7,2026-06-01T13:47:35Z
Skyramp,Skyramp is an AI-driven testing platform that acts like a personal QA engineer for your dev team.,Pre-Seed/Seed,Shaun Maguire; Lauren Reeder,Pre-Seed/Seed,2022,https://sequoiacap.com/companies/skyramp/,https://sequoiacap.com/our-companies/?_paged=7,2026-06-01T13:47:35Z
Snapdocs,Snapdocs is a digital mortgage closing platform.,Growth,Andrew Reed,Early,2017,https://sequoiacap.com/companies/snapdocs/,https://sequoiacap.com/our-companies/?_paged=7,2026-06-01T13:47:35Z
Snowflake,Snowflake is a data warehouse platform built for the cloud.,IPO,Pat Grady; Carl Eschenbach,Growth,2018,https://sequoiacap.com/companies/snowflake/,https://sequoiacap.com/our-companies/?_paged=7,2026-06-01T13:47:35Z
Sourcegraph,Sourcegraph is a universal code search tool.,Growth,Andrew Reed,Growth,2020,https://sequoiacap.com/companies/sourcegraph/,https://sequoiacap.com/our-companies/?_paged=7,2026-06-01T13:47:35Z
SpaceX,"SpaceX designs, manufactures and launches rockets and spacecraft.",Growth,Shaun Maguire,Growth,2020,https://sequoiacap.com/companies/spacex/,https://sequoiacap.com/our-companies/?_paged=7,2026-06-01T13:47:35Z
Squint,"Squint connects the digital and physical worlds using cameras, sensors, and user data to present contextual information at the right time.",Growth,Jess Lee,Pre-Seed/Seed,2023,https://sequoiacap.com/companies/squint/,https://sequoiacap.com/our-companies/?_paged=7,2026-06-01T13:47:35Z
Stainless,Stainless helps API providers easily create high-quality SDKs.,Early,Lauren Reeder,Pre-Seed/Seed,2022,https://sequoiacap.com/companies/stainless/,https://sequoiacap.com/our-companies/?_paged=7,2026-06-01T13:47:35Z
Stairwell,Stairwell is a cybersecurity company building enhanced security diagnostics.,Early,Bill Coughran,Pre-Seed/Seed,2019,https://sequoiacap.com/companies/stairwell/,https://sequoiacap.com/our-companies/?_paged=7,2026-06-01T13:47:35Z
Standard Intelligence,Standard Intelligence is building aligned AGI through scaling raw video.,Early,Sonya Huang,Early,2026,https://sequoiacap.com/companies/standard-intelligence/,https://sequoiacap.com/our-companies/?_paged=7,2026-06-01T13:47:35Z
StarkWare,StarkWare brings scalability and privacy to blockchains with zero-knowledge STARK proofs.,Growth,,Early,2018,https://sequoiacap.com/companies/starkware/,https://sequoiacap.com/our-companies/?_paged=7,2026-06-01T13:47:35Z
Statsig,Statsig is a modern experimentation platform that enables teams to ship products optimized experiences.,Acquired,Lauren Reeder,Pre-Seed/Seed,2021,https://sequoiacap.com/companies/statsig/,https://sequoiacap.com/our-companies/?_paged=7,2026-06-01T13:47:35Z
Strava,Strava is the world’s social network for athletes.,Growth,Andrew Reed,Growth,2014,https://sequoiacap.com/companies/strava/,https://sequoiacap.com/our-companies/?_paged=7,2026-06-01T13:47:35Z
Stripe,Stripe is building an economic infrastructure for the internet.,Growth,Michael Moritz; Bill Coughran; Luciana Lixandru,Pre-Seed/Seed,2010,https://sequoiacap.com/companies/stripe/,https://sequoiacap.com/our-companies/?_paged=7,2026-06-01T13:47:35Z
strongDM,strongDM manages and audits access to servers and databases.,Growth,Doug Leone,Early,2019,https://sequoiacap.com/companies/strongdm/,https://sequoiacap.com/our-companies/?_paged=7,2026-06-01T13:47:35Z
Studeo,Studeo Limited is democratising elite tutoring.,Pre-Seed/Seed,,Pre-Seed/Seed,2022,https://sequoiacap.com/companies/studeo/,https://sequoiacap.com/our-companies/?_paged=7,2026-06-01T13:47:35Z
Summer Health,Summer Health is making board-certified pediatricians available to parents via text message.,Early,Alfred Lin,Pre-Seed/Seed,2022,https://sequoiacap.com/companies/summer-health/,https://sequoiacap.com/our-companies/?_paged=7,2026-06-01T13:47:35Z
Sumo Logic,Sumo Logic is a cloud-native continuous intelligence platform.,IPO,Pat Grady; Andrew Reed,Growth,2014,https://sequoiacap.com/companies/sumo-logic/,https://sequoiacap.com/our-companies/?_paged=7,2026-06-01T13:47:35Z
Sunday,Sunday is a one-stop shop for your outdoor home.,Growth,,Early,2020,https://sequoiacap.com/companies/sunday/,https://sequoiacap.com/our-companies/?_paged=7,2026-06-01T13:47:35Z
Sunflower Labs,"Sunflower Labs is the only fully autonomous, AI-powered drone security system built to protect commercial, industrial and residential properties.",Growth,Roelof Botha,Growth,2025,https://sequoiacap.com/companies/sunflower-labs/,https://sequoiacap.com/our-companies/?_paged=7,2026-06-01T13:47:35Z
Sunrun,Sunrun offers homeowners affordable solar power.,IPO,Pat Grady,Early,2010,https://sequoiacap.com/companies/sunrun/,https://sequoiacap.com/our-companies/?_paged=7,2026-06-01T13:47:35Z
Supernova,Supernova (fka Canvas) is a collaborative data exploration tool that helps modern business teams make decisions without SQL.,Pre-Seed/Seed,,Pre-Seed/Seed,2020,https://sequoiacap.com/companies/supernova/,https://sequoiacap.com/our-companies/?_paged=7,2026-06-01T13:47:35Z
SureIn,SureIn empowers SMBs to efficiently manage their risk and insurance.,Pre-Seed/Seed,,Pre-Seed/Seed,2022,https://sequoiacap.com/companies/surein/,https://sequoiacap.com/our-companies/?_paged=7,2026-06-01T13:47:35Z
Synativ,Synativ develops geospatial AI agents that help companies speed up data formatting and transformations.,Pre-Seed/Seed,,Pre-Seed/Seed,2022,https://sequoiacap.com/companies/synativ/,https://sequoiacap.com/our-companies/?_paged=7,2026-06-01T13:47:35Z
Tacto,Tacto is an AI-based operating system that future proofs supply chains.,Early,Luciana Lixandru; Julien Bek,Early,2023,https://sequoiacap.com/companies/tacto/,https://sequoiacap.com/our-companies/?_paged=7,2026-06-01T13:47:35Z
Tavus,"Tavus is a research lab pioneering human computing, via real-time human simulation models.",Early,Stephanie Zhan,Pre-Seed/Seed,2021,https://sequoiacap.com/companies/tavus/,https://sequoiacap.com/our-companies/?_paged=7,2026-06-01T13:47:35Z
Tecton,Tecton provides data management for ML.,Growth,Sonya Huang; Bill Coughran,Pre-Seed/Seed,2018,https://sequoiacap.com/companies/tecton/,https://sequoiacap.com/our-companies/?_paged=7,2026-06-01T13:47:35Z
Telda,Telda is a payment and money transfer platform.,Early,George Robson,Pre-Seed/Seed,2021,https://sequoiacap.com/companies/telda/,https://sequoiacap.com/our-companies/?_paged=7,2026-06-01T13:47:35Z
Telescope,Telescope is an AI sales assistant that performs prospecting on auto-pilot.,Pre-Seed/Seed,,Pre-Seed/Seed,2022,https://sequoiacap.com/companies/telescope/,https://sequoiacap.com/our-companies/?_paged=7,2026-06-01T13:47:35Z
Temporal Technologies,Temporal enables any software application to handle failures gracefully and in a user-friendly way.,Growth,Bogomil Balkansky,Pre-Seed/Seed,2019,https://sequoiacap.com/companies/temporal-technologies/,https://sequoiacap.com/our-companies/?_paged=7,2026-06-01T13:47:35Z
The Boring Company,"The Boring Company creates safe, fast-to-dig, and low-cost transportation, utility, and freight tunnels.",Growth,Shaun Maguire,Growth,2022,https://sequoiacap.com/companies/the-boring-company/,https://sequoiacap.com/our-companies/?_paged=7,2026-06-01T13:47:35Z
The Melt,The Melt is a California-based fast-casual restaurant chain.,Growth,,Early,2010,https://sequoiacap.com/companies/the-melt/,https://sequoiacap.com/our-companies/?_paged=7,2026-06-01T13:47:35Z
The Org,The Org is a network of public org charts for employees at fast-growing startups.,Growth,Roelof Botha,Pre-Seed/Seed,2019,https://sequoiacap.com/companies/the-org/,https://sequoiacap.com/our-companies/?_paged=7,2026-06-01T13:47:35Z
ThousandEyes,ThousandEyes provides network intelligence for the cloud.,Acquired,Jim Goetz; Carl Eschenbach,Pre-Seed/Seed,2011,https://sequoiacap.com/companies/thousandeyes/,https://sequoiacap.com/our-companies/?_paged=7,2026-06-01T13:47:35Z
Thumbtack,Thumbtack is an online platform for managing the home.,Growth,Bryan Schreier; Sonya Huang,Early,2013,https://sequoiacap.com/companies/thumbtack/,https://sequoiacap.com/our-companies/?_paged=7,2026-06-01T13:47:35Z
Tilt,Tilt helps consumers access cash and credit by looking beyond their credit scores.,Growth,,Early,2020,https://sequoiacap.com/companies/tilt/,https://sequoiacap.com/our-companies/?_paged=7,2026-06-01T13:47:35Z
Titus,Titus (fka Aalto) created the Closing Line of Credit to enable seller’s to access their home’s equity to prepare their home for the market.,Early,Bryan Schreier,Pre-Seed/Seed,2019,https://sequoiacap.com/companies/titus/,https://sequoiacap.com/our-companies/?_paged=7,2026-06-01T13:47:35Z
Tola,"Tola combines accounts payable, receivable, and cash flow management with working capital to help businesses save time and money.",Acquired,George Robson,Pre-Seed/Seed,2022,https://sequoiacap.com/companies/tola/,https://sequoiacap.com/our-companies/?_paged=7,2026-06-01T13:47:35Z
Tourlane,Tourlane is an online booking platform for custom multiday trips.,Growth,Andrew Reed; Alfred Lin,Early,2018,https://sequoiacap.com/companies/tourlane/,https://sequoiacap.com/our-companies/?_paged=7,2026-06-01T13:47:35Z
Trade Republic,"Trade Republic makes buying and selling ETFs, derivatives and cryptocurrency easy.",Growth,Doug Leone; George Robson; Anas Biad,Growth,2021,https://sequoiacap.com/companies/trade-republic/,https://sequoiacap.com/our-companies/?_paged=7,2026-06-01T13:47:35Z
Traversal,"Traversal is an AI SRE agent that troubleshoots, resolves and prevents production incidents.",Early,Bogomil Balkansky; Charlie Curnin,Pre-Seed/Seed,2024,https://sequoiacap.com/companies/traversal/,https://sequoiacap.com/our-companies/?_paged=8,2026-06-01T13:47:35Z
Truework,Truework is an API platform for employment verification.,Growth,Alfred Lin,Early,2018,https://sequoiacap.com/companies/truework/,https://sequoiacap.com/our-companies/?_paged=8,2026-06-01T13:47:35Z
Trulia,"Trulia, now part of Zillow, is a real estate search engine.",IPO,Bryan Schreier,Early,2007,https://sequoiacap.com/companies/trulia/,https://sequoiacap.com/our-companies/?_paged=8,2026-06-01T13:47:35Z
Tumblr,"Tumblr, now part of Yahoo, is a short-form, mixed-media blogging platform.",Acquired,Roelof Botha,Growth,2010,https://sequoiacap.com/companies/tumblr/,https://sequoiacap.com/our-companies/?_paged=8,2026-06-01T13:47:35Z
Turnkey,Turnkey offers simple APIs to securely manage your crypto private keys.,Growth,Alfred Lin,Pre-Seed/Seed,2022,https://sequoiacap.com/companies/turnkey/,https://sequoiacap.com/our-companies/?_paged=8,2026-06-01T13:47:35Z
Twain,"Twain helps growth teams build and deploy accurate, self-learning GTM agents backed by deep research.",Pre-Seed/Seed,,Pre-Seed/Seed,2022,https://sequoiacap.com/companies/twain/,https://sequoiacap.com/our-companies/?_paged=8,2026-06-01T13:47:35Z
Two,Two is a a pure-B2B payment method that allows businesses to transact with each other seamlessly.,Early,George Robson,Pre-Seed/Seed,2021,https://sequoiacap.com/companies/two/,https://sequoiacap.com/our-companies/?_paged=8,2026-06-01T13:47:35Z
Uber,Uber is an on-demand ride-hailing and delivery service.,IPO,Alfred Lin,Growth,2015,https://sequoiacap.com/companies/uber/,https://sequoiacap.com/our-companies/?_paged=8,2026-06-01T13:47:35Z
UiPath,UiPath is an AI-enhanced end-to-end automation platform.,IPO,Carl Eschenbach,Growth,2018,https://sequoiacap.com/companies/uipath/,https://sequoiacap.com/our-companies/?_paged=8,2026-06-01T13:47:35Z
Unity,Unity is a 3D and VR content development platform.,IPO,Roelof Botha; Anas Biad,Early,2009,https://sequoiacap.com/companies/unity-technologies/,https://sequoiacap.com/our-companies/?_paged=8,2026-06-01T13:47:35Z
Upway,"Upway is a platform for the second-hand purchase, reconditioning and resale of electric bikes.",Growth,Luciana Lixandru; Anas Biad,Early,2021,https://sequoiacap.com/companies/upway/,https://sequoiacap.com/our-companies/?_paged=8,2026-06-01T13:47:35Z
Vanta,Vanta automates and simplifies security and compliance.,Growth,Andrew Reed; James Flynn,Growth,2021,https://sequoiacap.com/companies/vanta/,https://sequoiacap.com/our-companies/?_paged=8,2026-06-01T13:47:35Z
VEED,VEED is an AI video creation platform to go from idea to social-ready video in minutes.,Growth,Luciana Lixandru; Anas Biad,Early,2021,https://sequoiacap.com/companies/veed/,https://sequoiacap.com/our-companies/?_paged=8,2026-06-01T13:47:35Z
Verkada,Verkada is a security surveillance system backed by software.,Growth,Konstantine Buhler,Growth,2019,https://sequoiacap.com/companies/verkada/,https://sequoiacap.com/our-companies/?_paged=8,2026-06-01T13:47:35Z
Versa Networks,Versa Networks is an elastic network services platform.,Growth,Jim Goetz,Early,2012,https://sequoiacap.com/companies/versa-networks/,https://sequoiacap.com/our-companies/?_paged=8,2026-06-01T13:47:35Z
Vise,Vise is an AI-powered portfolio management platform.,Growth,Shaun Maguire,Pre-Seed/Seed,2019,https://sequoiacap.com/companies/vise/,https://sequoiacap.com/our-companies/?_paged=8,2026-06-01T13:47:35Z
Visual Electric,Visual Electric is the first image generator designed for creatives.,Pre-Seed/Seed,,Pre-Seed/Seed,2023,https://sequoiacap.com/companies/visual-electric/,https://sequoiacap.com/our-companies/?_paged=8,2026-06-01T13:47:35Z
Warp,"Warp is the first Agentic Development Environment, built for coding with multiple agents.",Growth,Andrew Reed,Growth,2022,https://sequoiacap.com/companies/warp/,https://sequoiacap.com/our-companies/?_paged=8,2026-06-01T13:47:35Z
Watershed,Watershed is a software platform that helps companies get to zero carbon fast.,Growth,Michael Moritz; Shaun Maguire; Pat Grady,Early,2020,https://sequoiacap.com/companies/watershed/,https://sequoiacap.com/our-companies/?_paged=8,2026-06-01T13:47:35Z
Waymo,Waymo is on a mission to be the world’s most trusted driver.,Growth,Abhishek Malani; Konstantine Buhler,Growth,2026,https://sequoiacap.com/companies/waymo/,https://sequoiacap.com/our-companies/?_paged=8,2026-06-01T13:47:35Z
Western Digital,Western Digital is an integrated circuit and data memory technology developer.,IPO,,Growth,1980,https://sequoiacap.com/companies/western-digital/,https://sequoiacap.com/our-companies/?_paged=8,2026-06-01T13:47:35Z
Whatnot,"Whatnot is the largest live shopping platform in North America, the U.K. and Europe.",Growth,Alfred Lin; Isaiah Boone,Growth,2025,https://sequoiacap.com/companies/whatnot/,https://sequoiacap.com/our-companies/?_paged=8,2026-06-01T13:47:35Z
WhatsApp,"WhatsApp, now part of Facebook, is an end-to-end encrypted mobile messenger app.",Acquired,Jim Goetz,Early,2011,https://sequoiacap.com/companies/whatsapp/,https://sequoiacap.com/our-companies/?_paged=8,2026-06-01T13:47:35Z
WireScreen,"WireScreen provides open-source intelligence on corporate ownership, supply chains, investment and business relationships in China.",Early,Michael Moritz; Shaun Maguire,Pre-Seed/Seed,2020,https://sequoiacap.com/companies/wirescreen/,https://sequoiacap.com/our-companies/?_paged=8,2026-06-01T13:47:35Z
WithCoverage,WithCoverage replaces traditional insurance brokers with a technology-driven risk management team and a unified platform to manage risk.,Growth,Roelof Botha; George Robson,Growth,2025,https://sequoiacap.com/companies/withcoverage/,https://sequoiacap.com/our-companies/?_paged=8,2026-06-01T13:47:35Z
Wiz,Wiz secures everything built and run in the cloud.,Acquired,Doug Leone; Bogomil Balkansky,Early,2020,https://sequoiacap.com/companies/wiz/,https://sequoiacap.com/our-companies/?_paged=8,2026-06-01T13:47:35Z
Wonolo,Wonolo is an on-demand staffing platform for frontline workers.,Growth,Jess Lee,Early,2017,https://sequoiacap.com/companies/wonolo/,https://sequoiacap.com/our-companies/?_paged=8,2026-06-01T13:47:35Z
X,X (formerly Twitter) is what’s happening and what people are talking about right now.,Growth,Shaun Maguire; Roelof Botha,Growth,2022,https://sequoiacap.com/companies/x/,https://sequoiacap.com/our-companies/?_paged=8,2026-06-01T13:47:35Z
xAI,xAI is an AI platform for accelerating human scientific discovery.,Growth,Shaun Maguire,Early,2024,https://sequoiacap.com/companies/xai/,https://sequoiacap.com/our-companies/?_paged=8,2026-06-01T13:47:35Z
Xaira,Xaira is reinventing drug R&D using artificial intelligence to rapidly prototype and test disease treatments.,Early,Roelof Botha; Konstantine Buhler,Early,2024,https://sequoiacap.com/companies/xaira/,https://sequoiacap.com/our-companies/?_paged=8,2026-06-01T13:47:35Z
XBOW,XBOW is an AI-powered offensive security company that automates pentesting and accelerates the discovery of vulnerabilities and exploits in all types of software.,Early,Konstantine Buhler; Lauren Reeder,Early,2024,https://sequoiacap.com/companies/xbow/,https://sequoiacap.com/our-companies/?_paged=8,2026-06-01T13:47:35Z
xentral,Xentral is a lean ERP cloud software that can bundle all business processes in one place.,Growth,Luciana Lixandru; George Robson,Early,2021,https://sequoiacap.com/companies/xentral/,https://sequoiacap.com/our-companies/?_paged=8,2026-06-01T13:47:35Z
Xoom,"Xoom, now part of PayPal, is a global money transfer service.",Acquired,Roelof Botha,Early,2003,https://sequoiacap.com/companies/xoom/,https://sequoiacap.com/our-companies/?_paged=8,2026-06-01T13:47:35Z
Yahoo,Yahoo is a global media company.,IPO,Michael Moritz,Early,1995,https://sequoiacap.com/companies/yahoo/,https://sequoiacap.com/our-companies/?_paged=8,2026-06-01T13:47:35Z
YouTube,"YouTube, now part of Google, is the world’s leading video-sharing service.",Acquired,Roelof Botha,Early,2005,https://sequoiacap.com/companies/youtube/,https://sequoiacap.com/our-companies/?_paged=8,2026-06-01T13:47:35Z
Zafran,"Zafran is a threat exposure management platform that integrates with security tools to reveal, remediate and mitigate all infrastructure risks.",Early,Doug Leone; Bogomil Balkansky,Pre-Seed/Seed,2023,https://sequoiacap.com/companies/zafran/,https://sequoiacap.com/our-companies/?_paged=8,2026-06-01T13:47:35Z
Zapier,Zapier’s software makes automation easy for everyone.,Growth,Andrew Reed,Growth,2020,https://sequoiacap.com/companies/zapier/,https://sequoiacap.com/our-companies/?_paged=8,2026-06-01T13:47:35Z
Zappos,"Zappos, now part of Amazon, is an online shoe retailer driven by customer service.",Acquired,Michael Moritz; Alfred Lin,Growth,2004,https://sequoiacap.com/companies/zappos/,https://sequoiacap.com/our-companies/?_paged=8,2026-06-01T13:47:35Z
Zed,Zed is a next-generation code editor designed for high-performance collaboration with humans and AI.,Growth,Sonya Huang; James Flynn,Growth,2024,https://sequoiacap.com/companies/zed/,https://sequoiacap.com/our-companies/?_paged=8,2026-06-01T13:47:35Z
Zefir,"Zefir has created the first collective sales platform that accelerates the connection between sellers and buyers, and fosters cooperation among all real estate agents.",Early,George Robson,,2022,https://sequoiacap.com/companies/zefir/,https://sequoiacap.com/our-companies/?_paged=8,2026-06-01T13:47:35Z
Zipline,Zipline delivers vital shipments via the most reliable drone delivery service in the world.,Growth,Alfred Lin,Early,2012,https://sequoiacap.com/companies/zipline/,https://sequoiacap.com/our-companies/?_paged=8,2026-06-01T13:47:35Z
Zoom,Zoom brings teams together with cloud-based video communications.,IPO,Carl Eschenbach; Pat Grady,Growth,2016,https://sequoiacap.com/companies/zoom/,https://sequoiacap.com/our-companies/?_paged=8,2026-06-01T13:47:35Z
Zum,"Zūm is revolutionizing student transportation, enabling students to get to and from school safely, reliably and sustainably.",Growth,Bryan Schreier,Early,2017,https://sequoiacap.com/companies/zum/,https://sequoiacap.com/our-companies/?_paged=8,2026-06-01T13:47:35Z
