company_name,description,status,first_partnered_year,company_url,logo_url,source_url,scraped_at
Zipline,Zipline is a drone logistics and delivery company.,Active,2011,http://www.flyzipline.com,https://cdn.prod.website-files.com/69ca9a18b40272cd4150f1b9/69dd057fb1a50c35d9a1ace4_zipline.svg,https://www.lererhippeau.com/portfolio,2026-06-22T13:46:19Z
Palmetto,Palmetto is the leading clean technology software and fulfillment platform company.,Active,2018,https://www.palmetto.com/,https://cdn.prod.website-files.com/69ca9a18b40272cd4150f1b9/69dcaf364ee07c3549ae73da_Palmetto.svg,https://www.lererhippeau.com/portfolio,2026-06-22T13:46:19Z
Hungryroot,"Hungryroot is your personal grocer, powered by AI.",Active,2015,http://www.hungryroot.com,https://cdn.prod.website-files.com/69ca9a18b40272cd4150f1b9/69d956d5d7ac1d72ebde9399_Hungryroot.svg,https://www.lererhippeau.com/portfolio,2026-06-22T13:46:19Z
ZenBusiness,ZenBusiness helps entrepreneurs start and grow a business.,Active,2018,https://zenbusiness.com/,https://cdn.prod.website-files.com/69ca9a18b40272cd4150f1b9/69dd0565c0562d5b0ba549c5_ZenBusiness.svg,https://www.lererhippeau.com/portfolio,2026-06-22T13:46:19Z
Warby Parker,Warby Parker is a retailer of prescription eyeware.,Exited,2010,http://www.warbyparker.com,https://cdn.prod.website-files.com/69ca9a18b40272cd4150f1b9/69dd027c865a236801fe20b0_Warby%20Parker.svg,https://www.lererhippeau.com/portfolio,2026-06-22T13:46:19Z
Guideline,"Guideline is the easy, affordable retirement platform for small businesses.",Exited,2019,https://www.guideline.com/,https://cdn.prod.website-files.com/69ca9a18b40272cd4150f1b9/69d94740235b432938399523_Guideline.png,https://www.lererhippeau.com/portfolio,2026-06-22T13:46:19Z
Prose,Prose offers fresh and custom-made hair care solutions.,Active,2017,https://prosehair.com/,https://cdn.prod.website-files.com/69ca9a18b40272cd4150f1b9/69dcb07ac36a6445a0657872_Prose.svg,https://www.lererhippeau.com/portfolio,2026-06-22T13:46:19Z
Blockdaemon,Blockdaemon is a multi-cloud platform for leading blockchain protocols.,Active,2019,https://blockdaemon.com/,https://cdn.prod.website-files.com/69ca9a18b40272cd4150f1b9/69d91d0161e361f66c873aaa_Blockdaemon.svg,https://www.lererhippeau.com/portfolio,2026-06-22T13:46:19Z
Heartbeat Health,Heartbeat is redsigning the field of cardiology to be more inclusive.,Active,2018,https://www.heartbeathealth.com/,https://cdn.prod.website-files.com/69ca9a18b40272cd4150f1b9/69d9480d3a8686f66c29fa1f_Heartbeat%20Health.svg,https://www.lererhippeau.com/portfolio,2026-06-22T13:46:19Z
MIRROR,MIRROR is the first connected fitness system.,Exited,2016,http://getthemirror.com/,https://cdn.prod.website-files.com/69ca9a18b40272cd4150f1b9/69d95b70d1ff7bc15ea7d738_MIRROR.png,https://www.lererhippeau.com/portfolio,2026-06-22T13:46:19Z
Venmo,Venmo is a mobile payment platform.,Exited,2010,http://www.braintreepayments.com,https://cdn.prod.website-files.com/69ca9a18b40272cd4150f1b9/69dce6f9b1a0e029d0a41a8c_Venmo.svg,https://www.lererhippeau.com/portfolio,2026-06-22T13:46:19Z
K Health,K Health is an AI-powered telehealth company that provides 24/7 virtual care.,Active,2016,http://khealth.ai,https://cdn.prod.website-files.com/69ca9a18b40272cd4150f1b9/69d9599da0d39aeb6b6115d2_K%20Health.png,https://www.lererhippeau.com/portfolio,2026-06-22T13:46:19Z
Air,Air is the automated creative operations platform.,Active,2019,https://air.inc/,https://cdn.prod.website-files.com/69ca9a18b40272cd4150f1b9/69d9146c8979322a32c8e809_air.svg,https://www.lererhippeau.com/portfolio,2026-06-22T13:46:19Z
ClassDojo,"ClassDojo is a behavior feedback platform for teachers, students, and parents.",Active,2011,http://www.classdojo.com,https://cdn.prod.website-files.com/69ca9a18b40272cd4150f1b9/69d93f68b085be8389043360_ClassDojo.png,https://www.lererhippeau.com/portfolio,2026-06-22T13:46:19Z
Ollie,Ollie is a trailblazing pet wellness brand.,Exited,2016,https://www.myollie.com,https://cdn.prod.website-files.com/69ca9a18b40272cd4150f1b9/69dcae25f6e01d33fcc059d0_Ollie.svg,https://www.lererhippeau.com/portfolio,2026-06-22T13:46:19Z
Studs,Studs is a piercing and e-commerce experience tailor-made for a new generation.,Active,2019,https://studs.com/,https://cdn.prod.website-files.com/69ca9a18b40272cd4150f1b9/69dcd5d2781191d58ce1f70f_Studs.svg,https://www.lererhippeau.com/portfolio,2026-06-22T13:46:19Z
Opentrons,Opentrons makes robots for biologists.,Exited,2017,https://opentrons.com/,https://cdn.prod.website-files.com/69ca9a18b40272cd4150f1b9/69dcae6d469118b38133929a_Opentrons.svg,https://www.lererhippeau.com/portfolio,2026-06-22T13:46:19Z
Plantible,Plantible is producing the next generation plant-based protein.,Active,2020,https://www.plantiblefoods.com/,https://cdn.prod.website-files.com/69ca9a18b40272cd4150f1b9/69dcb00d6aae03baabf4acb0_Plantible.svg,https://www.lererhippeau.com/portfolio,2026-06-22T13:46:19Z
Oscar,Oscar is a health insurance company that uses tech to humanize healthcare.,Exited,2013,http://www.hioscar.com,https://cdn.prod.website-files.com/69ca9a18b40272cd4150f1b9/69dcaeac03877eb611e2a7fc_Oscar.svg,https://www.lererhippeau.com/portfolio,2026-06-22T13:46:19Z
Topicals,Topicals is the skincare brand working to destigmatize chronic skin conditions.,Active,2020,https://www.mytopicals.com/,https://cdn.prod.website-files.com/69ca9a18b40272cd4150f1b9/69dcd80057444c276b1de24b_Topicals.svg,https://www.lererhippeau.com/portfolio,2026-06-22T13:46:19Z
Crexi,Crexi is a commercial real estate marketplace.,Active,2015,http://www.crexi.com,https://cdn.prod.website-files.com/69ca9a18b40272cd4150f1b9/69d94074d824bb1ac40d5026_Crexi.svg,https://www.lererhippeau.com/portfolio,2026-06-22T13:46:19Z
Fi,Fi is a dog technology company.,Active,2018,https://tryfi.com/,https://cdn.prod.website-files.com/69ca9a18b40272cd4150f1b9/69d944a67020f94b551ff3d0_Fi.svg,https://www.lererhippeau.com/portfolio,2026-06-22T13:46:19Z
Glossier,"Glossier is a content-driven, direct-to-consumer beauty brand.",Active,2013,http://www.glossier.com,https://cdn.prod.website-files.com/69ca9a18b40272cd4150f1b9/69d946613076430a8498e2ef_Glossier.svg,https://www.lererhippeau.com/portfolio,2026-06-22T13:46:19Z
Splice,Splice is a music creation ecosystem combining genAI with an unmatched sounds library.,Active,2013,http://splice.com,https://cdn.prod.website-files.com/69ca9a18b40272cd4150f1b9/69dcd2f252098aff29af5e2c_Splice.svg,https://www.lererhippeau.com/portfolio,2026-06-22T13:46:19Z
10Beauty,10Beaty creates intelligent beauty products.,Active,2020,https://www.10beauty.co/,https://cdn.prod.website-files.com/69ca9a18b40272cd4150f1b9/69d90ff17fccea4f7f9569ed_10Beauty.svg,https://www.lererhippeau.com/portfolio,2026-06-22T13:46:19Z
A Bit Lucky,A Bit Lucky is a real-time multiplayer social game developer.,Exited,2010,http://www.zynga.com,https://cdn.prod.website-files.com/69ca9a18b40272cd4150f1b9/69d91039d99c7b2cf90c4626_A%20Bit%20Lucky.png,https://www.lererhippeau.com/portfolio,2026-06-22T13:46:19Z
Abra,Abra is a secure all-in-one digital wallet.,Active,2014,https://abra.com,https://cdn.prod.website-files.com/69ca9a18b40272cd4150f1b9/69d9109c71f5e411e5ea5834_Abra.svg,https://www.lererhippeau.com/portfolio,2026-06-22T13:46:19Z
ActionX,ActionX is a mobile customer acquisition and retargeting platform.,Exited,2012,https://www.xaxis.com/,https://cdn.prod.website-files.com/69ca9a18b40272cd4150f1b9/69dfaca7dc88071b875011ea_actionx-logo.svg,https://www.lererhippeau.com/portfolio,2026-06-22T13:46:19Z
AIR Platforms,AIR Platforms is the AI-powered credit intelligence platform.,Active,2025,https://www.airplatforms.com/,https://cdn.prod.website-files.com/69ca9a18b40272cd4150f1b9/69e08a0f8d282b49901669af_AIR%20Platforms.svg,https://www.lererhippeau.com/portfolio,2026-06-22T13:46:19Z
Allbirds,Allbirds is the sustainable footwear brand.,Exited,2015,http://www.allbirds.com,https://cdn.prod.website-files.com/69ca9a18b40272cd4150f1b9/69d91518b976a6af2c73be4d_Allbirds.svg,https://www.lererhippeau.com/portfolio,2026-06-22T13:46:19Z
Altitude,Altitude AI processes raw sensor data.,Active,2023,https://www.getaltitudeai.com/,https://cdn.prod.website-files.com/69ca9a18b40272cd4150f1b9/69d915423377aadd9dc4c74e_Altitude.svg,https://www.lererhippeau.com/portfolio,2026-06-22T13:46:19Z
Ample Hills,"Ample Hills is a small-batch, all-natural ice cream maker.",Exited,2015,https://www.amplehills.com/,https://cdn.prod.website-files.com/69ca9a18b40272cd4150f1b9/69dfad94b63a10f03273ddc3_ample-hills-logo.svg,https://www.lererhippeau.com/portfolio,2026-06-22T13:46:19Z
Armstrong,Armstrong is the kitchen robotics company.,Exited,2021,https://armstrong.ai/,https://cdn.prod.website-files.com/69ca9a18b40272cd4150f1b9/69d9159bf45dd2f1a21e15b9_Armstrong.png,https://www.lererhippeau.com/portfolio,2026-06-22T13:46:19Z
Augmentir,Augmentir is the agentic platform for connected industrial frontline work.,Active,2019,https://www.augmentir.com/,https://cdn.prod.website-files.com/69ca9a18b40272cd4150f1b9/69d915ed5a245aae49fc81d1_Augmentir.svg,https://www.lererhippeau.com/portfolio,2026-06-22T13:46:19Z
Augmodo,Augmodo is the spatial computing platform for retail and commerce.,Active,2024,http://augmodo.com,https://cdn.prod.website-files.com/69ca9a18b40272cd4150f1b9/69d9160e223252604671afe6_Augmodo.svg,https://www.lererhippeau.com/portfolio,2026-06-22T13:46:19Z
Augury,Augury the AI-powered solution that automatically diagnoses machines.,Active,2014,http://www.augury.com,https://cdn.prod.website-files.com/69ca9a18b40272cd4150f1b9/69d9162f40c5cde5871451c9_Augury.svg,https://www.lererhippeau.com/portfolio,2026-06-22T13:46:19Z
AutoFi,AutoFi is a POS platform that automates vehicle purchasing and financing.,Active,2015,http://www.autofi.com,https://cdn.prod.website-files.com/69ca9a18b40272cd4150f1b9/69d916a87384ae6988a1c2f1_AutoFi.svg,https://www.lererhippeau.com/portfolio,2026-06-22T13:46:19Z
Ava,Ava is an accessibility platform providing live captions for deaf and heard-of-hearing people.,Active,2015,http://www.ava.me,https://cdn.prod.website-files.com/69ca9a18b40272cd4150f1b9/69d9172cdee1a1565055a5fd_Ava.png,https://www.lererhippeau.com/portfolio,2026-06-22T13:46:19Z
Axial,"Axios is a private deal network for middle market owners, advisors, and investors.",Active,2010,http://www.axial.net,https://cdn.prod.website-files.com/69ca9a18b40272cd4150f1b9/69d919f05047aac367e39948_Axial.svg,https://www.lererhippeau.com/portfolio,2026-06-22T13:46:19Z
Axios,"Axios is an efficient news platform championing ""smart brevity.""",Exited,2016,http://www.axios.com,https://cdn.prod.website-files.com/69ca9a18b40272cd4150f1b9/69d91a1053711039b4df5751_Axios.svg,https://www.lererhippeau.com/portfolio,2026-06-22T13:46:19Z
Ayoh Foods,Ayoh Foods is Molly Baz's saucy mayo brand.,Active,2024,https://eatayoh.com/,https://cdn.prod.website-files.com/69ca9a18b40272cd4150f1b9/69e66884e20cdeb35e3b0614_Ayoh%20logo.png,https://www.lererhippeau.com/portfolio,2026-06-22T13:46:19Z
BarkBox,BarkBox is makes products that foster the health and happiness of dogs.,Exited,2012,http://bark.co/,https://cdn.prod.website-files.com/69ca9a18b40272cd4150f1b9/69d91aa3ae6e525671c4aa87_BarkBox.png,https://www.lererhippeau.com/portfolio,2026-06-22T13:46:19Z
BaubleBar,"BaubleBar is a one-stop retailer for affordable, on-trend fashion jewelry.",Active,2010,http://www.baublebar.com,https://cdn.prod.website-files.com/69ca9a18b40272cd4150f1b9/69dfae507bfb9fd945d98d0f_baublebar.svg,https://www.lererhippeau.com/portfolio,2026-06-22T13:46:19Z
Birchbox,Birchbox is commerce platform for personalized beauty products.,Exited,2010,http://www.birchbox.com,https://cdn.prod.website-files.com/69ca9a18b40272cd4150f1b9/69d91c6b1659d6b664db1ce0_Birchbox.svg,https://www.lererhippeau.com/portfolio,2026-06-22T13:46:19Z
Birdstop,Birdstop is the remote sensing platform for national critical infrastructure.,Active,2023,https://www.birdstop.io/,https://cdn.prod.website-files.com/69ca9a18b40272cd4150f1b9/69d91c9f9aabe0b34066998e_Birdstop.png,https://www.lererhippeau.com/portfolio,2026-06-22T13:46:19Z
Blade,Blade is a short-distance aviation company.,Exited,2017,https://blade.flyblade.com/,https://cdn.prod.website-files.com/69ca9a18b40272cd4150f1b9/69dfaf467c4c9699277dbe83_blade.svg,https://www.lererhippeau.com/portfolio,2026-06-22T13:46:19Z
Block,Block is the platform transforming the renovation industry.,Active,2018,https://www.blockrenovation.com/,https://cdn.prod.website-files.com/69ca9a18b40272cd4150f1b9/69d91cd1ed90463a36be6348_Block.svg,https://www.lererhippeau.com/portfolio,2026-06-22T13:46:19Z
Bloglovin',Bloglovin' is the blog platform connecting creators.,Exited,2012,https://www.bloglovin.com/,https://cdn.prod.website-files.com/69ca9a18b40272cd4150f1b9/69d91d32d7698a1c65b24197_Bloglovin%27.svg,https://www.lererhippeau.com/portfolio,2026-06-22T13:46:19Z
Bluefin Labs,Bluefin Labs is a social TV analytics platform.,Exited,2010,http://www.twitter.com,https://cdn.prod.website-files.com/69ca9a18b40272cd4150f1b9/69dfafa006fb395424f034a3_bluefin-labs.svg,https://www.lererhippeau.com/portfolio,2026-06-22T13:46:19Z
Board,Board is the first ever face-to-face game console designed to bring people together.,Active,2022,https://board.fun/,https://cdn.prod.website-files.com/69ca9a18b40272cd4150f1b9/69d91df512d6fbe52054b576_Board.svg,https://www.lererhippeau.com/portfolio,2026-06-22T13:46:19Z
Bookkeep,Bookkeep is an accounting automation tool.,Active,2021,https://www.bookkeep.com/,https://cdn.prod.website-files.com/69ca9a18b40272cd4150f1b9/69d91e27aedd655d166694e1_Bookkeep.svg,https://www.lererhippeau.com/portfolio,2026-06-22T13:46:19Z
BRAMI,"Brami is the maker of plant-based, Italian-inspired food products.",Active,2015,https://bramisnacks.com/,https://cdn.prod.website-files.com/69ca9a18b40272cd4150f1b9/69d91a5ca411e301816b64cc_BRAMI.png,https://www.lererhippeau.com/portfolio,2026-06-22T13:46:19Z
Branch,Branch Media builds social products to empower conversation.,Exited,2012,https://about.facebook.com/,https://cdn.prod.website-files.com/69ca9a18b40272cd4150f1b9/69d92bfc2275904fc11379a8_Branch.png,https://www.lererhippeau.com/portfolio,2026-06-22T13:46:19Z
Brandtale,Brandtale is a marketing intelligence platform.,Exited,2015,http://www.brandtale.com,https://cdn.prod.website-files.com/69ca9a18b40272cd4150f1b9/69e69ac426ef1c1d5d1dc7ba_numerator.com.svg,https://www.lererhippeau.com/portfolio,2026-06-22T13:46:19Z
Brit + Co,Brit + Co is a digital media company for women with creative spirit.,Exited,2013,https://www.brit.co/,https://cdn.prod.website-files.com/69ca9a18b40272cd4150f1b9/69d92c19b4e98dcc790ad6ba_Brit%20%2B%20Co.png,https://www.lererhippeau.com/portfolio,2026-06-22T13:46:19Z
Built AI,BuiltAI is the AI-powered modeling platform for real estate professionals.,Active,2025,https://www.builtai.co/,https://cdn.prod.website-files.com/69ca9a18b40272cd4150f1b9/69d92c3485d23740c3261fe8_Built%20AI.svg,https://www.lererhippeau.com/portfolio,2026-06-22T13:46:19Z
BuzzFeed,BuzzFeed is a social news and entertainment platform.,Exited,2010,http://www.buzzfeed.com,https://cdn.prod.website-files.com/69ca9a18b40272cd4150f1b9/69d92c7e55fe90801fe367d7_BuzzFeed.svg,https://www.lererhippeau.com/portfolio,2026-06-22T13:46:19Z
Cabana,Cabana is a mobile app development platform.,Exited,2011,http://www.twitter.com,https://cdn.prod.website-files.com/69ca9a18b40272cd4150f1b9/69e69a848ec3ad1ec55194f0_Cabana-logo.svg,https://www.lererhippeau.com/portfolio,2026-06-22T13:46:19Z
Caladan,Caladan is a biotech platform for synthetic biology and biomanufacturing.,Active,2023,https://caladan.bio/,https://cdn.prod.website-files.com/69ca9a18b40272cd4150f1b9/69d92d2f22ab42c88cabfe7b_Caladan.svg,https://www.lererhippeau.com/portfolio,2026-06-22T13:46:19Z
CAMP,CAMP is a family experience company.,Active,2018,https://camp.com/,https://cdn.prod.website-files.com/69ca9a18b40272cd4150f1b9/69d92cd6cbe39e87a6383597_CAMP.svg,https://www.lererhippeau.com/portfolio,2026-06-22T13:46:19Z
Cantina,Cantina is the most advanced AI character creator.,Exited,2012,https://www.cantina.com/,https://cdn.prod.website-files.com/69ca9a18b40272cd4150f1b9/69d92d5196bde2099c144c97_Cantina.svg,https://www.lererhippeau.com/portfolio,2026-06-22T13:46:19Z
Capitalize,Capitalize is the platform that turns data into CRE deals,Active,2024,https://www.capitalize.io/,https://cdn.prod.website-files.com/69ca9a18b40272cd4150f1b9/69d92d777da683a12447535b_Capitalize.png,https://www.lererhippeau.com/portfolio,2026-06-22T13:46:19Z
Casa,Casa provides the safest way to store your bitcoin.,Active,2018,https://keys.casa/,https://cdn.prod.website-files.com/69ca9a18b40272cd4150f1b9/69d92d9f77fbf28a9e23c356_Casa.svg,https://www.lererhippeau.com/portfolio,2026-06-22T13:46:19Z
Casper,Casper is the designer of sleep products.,Exited,2014,https://casper.com/,https://cdn.prod.website-files.com/69ca9a18b40272cd4150f1b9/69d92e66994b3fbd9f114795_Casper.svg,https://www.lererhippeau.com/portfolio,2026-06-22T13:46:19Z
Cellular Intelligence,Cellular Intelligence is the first universal virtual cell-signaling model.,Active,2023,https://www.cellularintelligence.com/,https://cdn.prod.website-files.com/69ca9a18b40272cd4150f1b9/69d92e865b9b98bb1015f934_Cellular%20Intelligence.svg,https://www.lererhippeau.com/portfolio,2026-06-22T13:46:19Z
Celtra,Celtra is the digital advertising platform for streamlining workflows.,Exited,2016,https://www.celtra.com/,https://cdn.prod.website-files.com/69ca9a18b40272cd4150f1b9/69d93239ec42a4d54a76f4ed_Celtra.svg,https://www.lererhippeau.com/portfolio,2026-06-22T13:46:19Z
Chartbeat,Chartbeat is an analytics platform for deepening audience connections.,Exited,2010,http://www.chartbeat.com,https://cdn.prod.website-files.com/69ca9a18b40272cd4150f1b9/69d932ccfd857786b620644c_Chartbeat.svg,https://www.lererhippeau.com/portfolio,2026-06-22T13:46:19Z
Chubbies,Chubbies is an e-commerce platform.,Exited,2014,http://www.chubbiesshorts.com,https://cdn.prod.website-files.com/69ca9a18b40272cd4150f1b9/69d93317d2362378c3e053ff_Chubbies.png,https://www.lererhippeau.com/portfolio,2026-06-22T13:46:19Z
Climatic,Climatic is the first daily lung health system.,Active,2025,https://www.climatichealth.com/,https://cdn.prod.website-files.com/69ca9a18b40272cd4150f1b9/69d93f8321a61037da7c178a_Climatic.svg,https://www.lererhippeau.com/portfolio,2026-06-22T13:46:19Z
Cocoon,Cocoon is a private social app for close relationships.,Exited,2019,https://cocoon.com/,https://cdn.prod.website-files.com/69ca9a18b40272cd4150f1b9/69d93f9f6d2380488a55e4fb_Cocoon.svg,https://www.lererhippeau.com/portfolio,2026-06-22T13:46:19Z
Code Climate,Code Climate is a development platform for managing code quality.,Active,2014,https://codeclimate.com/,https://cdn.prod.website-files.com/69ca9a18b40272cd4150f1b9/69d93fc3e66ec7673159c91d_Code%20Climate.png,https://www.lererhippeau.com/portfolio,2026-06-22T13:46:19Z
Companion,Companion is a training platform for dogs powered by machine learning and robotics.,Active,2021,https://joincompanion.com/,https://cdn.prod.website-files.com/69ca9a18b40272cd4150f1b9/69e76c90bcfb848ef2218809_Companion%20(2).svg,https://www.lererhippeau.com/portfolio,2026-06-22T13:46:19Z
Compose,Compose is a data base service platform for data stores.,Exited,2011,http://www.compose.io,https://cdn.prod.website-files.com/69ca9a18b40272cd4150f1b9/69d93fe1d9865ce966875970_Compose.svg,https://www.lererhippeau.com/portfolio,2026-06-22T13:46:19Z
Confide,Confide is an off-the-record messenger.,Exited,2014,http://www.getconfide.com,https://cdn.prod.website-files.com/69ca9a18b40272cd4150f1b9/69e76cae246af2803c269ae4_confide-logo.svg,https://www.lererhippeau.com/portfolio,2026-06-22T13:46:19Z
Conflixis,Conflixis helps enterprises manage conflicts of interest.,Active,2024,https://www.conflixis.com/,https://cdn.prod.website-files.com/69ca9a18b40272cd4150f1b9/69d9401d9abc5491419cd5ed_Conflixis.png,https://www.lererhippeau.com/portfolio,2026-06-22T13:46:19Z
Cord Project,Cord is a high-speed voice messaging app.,Exited,2014,https://www.spotify.com/us/,https://cdn.prod.website-files.com/69ca9a18b40272cd4150f1b9/69e69b75f140026f25483152_Cord%20Project.svg,https://www.lererhippeau.com/portfolio,2026-06-22T13:46:19Z
Cotopaxi,Cotopaxi is a sustainable outdoor apparel brand.,Active,2014,http://cotopaxi.com,https://cdn.prod.website-files.com/69ca9a18b40272cd4150f1b9/69d94059b882e3392ce79af5_Cotopaxi.svg,https://www.lererhippeau.com/portfolio,2026-06-22T13:46:19Z
Cover,Cover is a mobile payments app for restaurants.,Exited,2013,http://www.paywithcover.com,https://cdn.prod.website-files.com/69ca9a18b40272cd4150f1b9/69dfb08d7d26ca9742705fa7_Cover.svg,https://www.lererhippeau.com/portfolio,2026-06-22T13:46:19Z
Crossing Minds,Crossing Minds is an AI-powered recommendation platform driving online discovery.,Exited,2018,https://www.crossingminds.com/,https://cdn.prod.website-files.com/69ca9a18b40272cd4150f1b9/69d9408c5d9990dc08b56ad6_Crossing%20Minds.svg,https://www.lererhippeau.com/portfolio,2026-06-22T13:46:19Z
CrowdTangle,CrowdTangle is a content discovery tool for the social web.,Exited,2014,http://www.crowdtangle.com,https://cdn.prod.website-files.com/69ca9a18b40272cd4150f1b9/69e0ea9adb761d20aa680945_crowdtangle.svg,https://www.lererhippeau.com/portfolio,2026-06-22T13:46:19Z
CryptTV,CryptTV is the creator of online horror stories.,Exited,2017,http://crypttv.com,https://cdn.prod.website-files.com/69ca9a18b40272cd4150f1b9/69e69c8de52d3961196a59d3_CryptTV.svg,https://www.lererhippeau.com/portfolio,2026-06-22T13:46:19Z
Cue,Cue uses data from online accounts to provide users with daily activity updates.,Exited,2010,http://www.apple.com,https://cdn.prod.website-files.com/69ca9a18b40272cd4150f1b9/69d940cd0e0f935a6ea44640_Cue.svg,https://www.lererhippeau.com/portfolio,2026-06-22T13:46:19Z
Culture IQ,CultureIQ is a strategic culture management solution.,Exited,2015,http://cultureiq.com,https://cdn.prod.website-files.com/69ca9a18b40272cd4150f1b9/69dfb0d570e95928c710e1d0_culture-iq.svg,https://www.lererhippeau.com/portfolio,2026-06-22T13:46:19Z
Cure,Cure is a science-backed beverage brand offering plant-based electrolyte drink mixes.,Active,2020,https://www.curehydration.com/,https://cdn.prod.website-files.com/69ca9a18b40272cd4150f1b9/69d940f0e6995cbbb4470099_Cure.png,https://www.lererhippeau.com/portfolio,2026-06-22T13:46:19Z
CUUP,CUUP is the designer of inclusive lingerie.,Exited,2019,https://shopcuup.com/,https://cdn.prod.website-files.com/69ca9a18b40272cd4150f1b9/69d92cf36c9ad72827cbb41e_CUUP.svg,https://www.lererhippeau.com/portfolio,2026-06-22T13:46:19Z
DailyBooth,DailyBooth was a photoblogging website.,Exited,2011,http://www.airbnb.com,https://cdn.prod.website-files.com/69ca9a18b40272cd4150f1b9/69e69cde94df48112d886774_DailyBooth.svg,https://www.lererhippeau.com/portfolio,2026-06-22T13:46:19Z
Databand,Databand is an observability platform that enables data teams to monitor pipeline health.,Exited,2019,https://databand.ai/,https://cdn.prod.website-files.com/69ca9a18b40272cd4150f1b9/69e69d2f1b9d48257117a543_Databand%20(2).svg,https://www.lererhippeau.com/portfolio,2026-06-22T13:46:19Z
DataSnap,Datasnap.io provides insights into consumer engagement with the physical world.,Exited,2014,https://www.home.neustar/,https://cdn.prod.website-files.com/69ca9a18b40272cd4150f1b9/69dfb1434e27dd6bfb0931e3_Datasnap.svg,https://www.lererhippeau.com/portfolio,2026-06-22T13:46:19Z
Daylight,Daylight facilitates energy renovations for lower bills and a comfortable home.,Active,2022,https://godaylight.com/,https://cdn.prod.website-files.com/69ca9a18b40272cd4150f1b9/69d941700455d17b33775c3a_Daylight.svg,https://www.lererhippeau.com/portfolio,2026-06-22T13:46:19Z
Dering Hall,Dering Hall is an online marketplace for high-end furnishing and home products.,Exited,2012,http://www.deringhall.com,https://cdn.prod.website-files.com/69ca9a18b40272cd4150f1b9/69d941a09abc5491419d145d_Dering%20Hall.svg,https://www.lererhippeau.com/portfolio,2026-06-22T13:46:19Z
Dia & Co.,Dia&Co is digital-first retailer exclusively serving women sizes 14 and up.,Exited,2015,http://www.dia.com,https://cdn.prod.website-files.com/69ca9a18b40272cd4150f1b9/69d941bb96ab542b7c476b51_Dia%20%26%20Co.svg,https://www.lererhippeau.com/portfolio,2026-06-22T13:46:19Z
Digital Genius,DigitalGenius is an AI-powered customer service platform.,Active,2015,http://digitalgenius.com,https://cdn.prod.website-files.com/69ca9a18b40272cd4150f1b9/69dfb182814c6e9d52384838_digital-genius.svg,https://www.lererhippeau.com/portfolio,2026-06-22T13:46:19Z
Disclo,Disclo is the workplace disclosure and accommodation management platform.,Active,2021,https://www.disclo.com/,https://cdn.prod.website-files.com/69ca9a18b40272cd4150f1b9/69d941dba234dc71ff05ec38_Disclo.svg,https://www.lererhippeau.com/portfolio,2026-06-22T13:46:19Z
Dispatch,Dispatch is a project management tool for teams.,Exited,2011,http://www.meetup.com,https://cdn.prod.website-files.com/69ca9a18b40272cd4150f1b9/69e0edca50c3f02e6e982fb8_meetup.svg,https://www.lererhippeau.com/portfolio,2026-06-22T13:46:19Z
DocSend,DocSend is a platform for managing documents and improving deal conversion.,Exited,2013,http://www.docsend.com,https://cdn.prod.website-files.com/69ca9a18b40272cd4150f1b9/69d942087f710477779329e9_DocSend.svg,https://www.lererhippeau.com/portfolio,2026-06-22T13:46:19Z
Doctor on Demand,Doctor on Demand is a video medicine practice connecting patients healthcare providers.,Exited,2013,http://www.doctorondemand.com,https://cdn.prod.website-files.com/69ca9a18b40272cd4150f1b9/69d94222d7b3478ba819069f_Doctor%20on%20Demand.svg,https://www.lererhippeau.com/portfolio,2026-06-22T13:46:19Z
Dragon,Dragon Innovation is a manufacturing services firm.,Exited,2013,http://www.dragoninnovation.com,https://cdn.prod.website-files.com/69ca9a18b40272cd4150f1b9/69d942ca3d6b42de2cc33f93_Dragon.png,https://www.lererhippeau.com/portfolio,2026-06-22T13:46:19Z
Dr. B,Dr. B is a telehealth company offering visitless prescription services.,Active,2021,https://hidrb.com/,https://cdn.prod.website-files.com/69ca9a18b40272cd4150f1b9/69d94275e27a4a5745e62384_Dr.%20B.svg,https://www.lererhippeau.com/portfolio,2026-06-22T13:46:19Z
DRL,"Drone Racing League is a global, professional drone racing circuit.",Exited,2015,http://thedroneracingleague.com,https://cdn.prod.website-files.com/69ca9a18b40272cd4150f1b9/69d94124053370caa4aaacc8_DRL.svg,https://www.lererhippeau.com/portfolio,2026-06-22T13:46:19Z
Elm Biosciences,Elm Biosciences is the intentional skincare platform for living and aging well.,Active,2025,https://elmbiosciences.com/,https://cdn.prod.website-files.com/69ca9a18b40272cd4150f1b9/69d94316d7b3478ba81927ea_Elm%20Biosciences.svg,https://www.lererhippeau.com/portfolio,2026-06-22T13:46:19Z
Even Financial,Even Financial is a supply-side platform for marketplace lending and consumer finance.,Exited,2015,http://www.evenfinancial.com,https://cdn.prod.website-files.com/69ca9a18b40272cd4150f1b9/69dfb33e564a7dee64b3adb4_Even%20Financial.svg,https://www.lererhippeau.com/portfolio,2026-06-22T13:46:19Z
Everlane,Everlane is a retailer of ethical luxury apparel.,Exited,2011,http://www.everlane.com,https://cdn.prod.website-files.com/69ca9a18b40272cd4150f1b9/69d9438a31bc286f06ecd3f9_Everlane.svg,https://www.lererhippeau.com/portfolio,2026-06-22T13:46:19Z
Everytable,Everytable is the mission-driven restaurant company reinventing fast food.,Active,2016,http://www.everytable.com,https://cdn.prod.website-files.com/69ca9a18b40272cd4150f1b9/69d943f2321668a5e908fee1_Everytable.svg,https://www.lererhippeau.com/portfolio,2026-06-22T13:46:19Z
Expressable,Expressable is the family-centered speech therapy company.,Active,2021,https://www.expressable.io/,https://cdn.prod.website-files.com/69ca9a18b40272cd4150f1b9/69d9442c9f6bd5939a7e6342_Expressable.svg,https://www.lererhippeau.com/portfolio,2026-06-22T13:46:19Z
Fancy Hands,Fancy Hands provides personal assistant services for various projects.,Exited,2011,http://www.fancyhands.com,https://cdn.prod.website-files.com/69ca9a18b40272cd4150f1b9/69e69e2c8eab0436c3a57191_Fancy%20Hands.svg,https://www.lererhippeau.com/portfolio,2026-06-22T13:46:19Z
Fatherly,Fatherly is the leading digital media brand for dads.,Exited,2015,http://www.fatherly.com,https://cdn.prod.website-files.com/69ca9a18b40272cd4150f1b9/69d94487b451d4207cef3db5_Fatherly.svg,https://www.lererhippeau.com/portfolio,2026-06-22T13:46:19Z
FidoCure,The One Health Company is a biotechnology firm advancing canine oncology.,Active,2018,https://www.theonehealthcompany.com/,https://cdn.prod.website-files.com/69ca9a18b40272cd4150f1b9/69d944c17f5451c90360e8fa_FidoCure.png,https://www.lererhippeau.com/portfolio,2026-06-22T13:46:19Z
Fieldlens,FieldLens is a project management platform for the construction industry.,Exited,2013,http://www.fieldlens.com,https://cdn.prod.website-files.com/69ca9a18b40272cd4150f1b9/69e7630e271eb82306993f9d_Fieldlens.svg,https://www.lererhippeau.com/portfolio,2026-06-22T13:46:19Z
Fitlab,FitLab is the first platform to connect every aspect of your fitness lifestyle.,Active,2018,https://www.fitlab.com/,https://cdn.prod.website-files.com/69ca9a18b40272cd4150f1b9/69d944f834f03891a9123d36_Fitlab.svg,https://www.lererhippeau.com/portfolio,2026-06-22T13:46:19Z
Flare,Flare is a wearable safety technology company.,Exited,2019,https://getflare.com/,https://cdn.prod.website-files.com/69ca9a18b40272cd4150f1b9/69dfb3695851bcb9fcc051f8_flare.svg,https://www.lererhippeau.com/portfolio,2026-06-22T13:46:19Z
Floored,Floor develops software that converts 3D spatial data into interactive virtual worlds.,Exited,2012,https://cbrebuild.com/,https://cdn.prod.website-files.com/69ca9a18b40272cd4150f1b9/69d9451b3da5edbe4c037055_Floored.png,https://www.lererhippeau.com/portfolio,2026-06-22T13:46:19Z
Food52,Food52 is a premier cooking and home content-commerce platform.,Exited,2010,http://www.food52.com,https://cdn.prod.website-files.com/69ca9a18b40272cd4150f1b9/69d945359abc5491419db27e_Food52.svg,https://www.lererhippeau.com/portfolio,2026-06-22T13:46:19Z
Footprint,Footprint is the last identity form you’ll ever fill out.,Active,2022,https://www.onefootprint.com/,https://cdn.prod.website-files.com/69ca9a18b40272cd4150f1b9/69d94550d5b3ebdba3a11e2f_Footprint.svg,https://www.lererhippeau.com/portfolio,2026-06-22T13:46:19Z
Forum AI,Forum AI is the company bringing human expert judgment to AI.,Active,2025,https://www.byforum.com/,https://cdn.prod.website-files.com/69ca9a18b40272cd4150f1b9/69d9456be07c438e368bdd8a_Forum%20AI.svg,https://www.lererhippeau.com/portfolio,2026-06-22T13:46:19Z
Fresh Nation,Fresh Nation is a operations and logistics platform for local food vendors.,Exited,2014,https://freshnation.com,https://cdn.prod.website-files.com/69ca9a18b40272cd4150f1b9/69e0eb163467c763c61fe38b_fresh%20nation.png,https://www.lererhippeau.com/portfolio,2026-06-22T13:46:19Z
Fundera,Fundera is an online marketplace and advisor for small business financing.,Exited,2013,http://www.fundera.com,https://cdn.prod.website-files.com/69ca9a18b40272cd4150f1b9/69e0eb320036a34f4ff10065_fundera.svg,https://www.lererhippeau.com/portfolio,2026-06-22T13:46:19Z
Gdgt,gdgt is a website for reviews and product information on consumer electronics.,Exited,2010,http://www.aol.com,https://cdn.prod.website-files.com/69ca9a18b40272cd4150f1b9/69e76368226c995196d0508b_Gdgt.svg,https://www.lererhippeau.com/portfolio,2026-06-22T13:46:19Z
Genies,Genies is an AI-powered character company for building avatars and digital identities.,Active,2014,http://www.genies.com,https://cdn.prod.website-files.com/69ca9a18b40272cd4150f1b9/69e92698a495ae8440c4c5f6_ECL%20Logos%202%20(12).png,https://www.lererhippeau.com/portfolio,2026-06-22T13:46:19Z
Genius,Genius is the world's biggest encyclopedia of music.,Exited,2011,https://genius.com/,https://cdn.prod.website-files.com/69ca9a18b40272cd4150f1b9/69d945fd310857af23a0c117_Genius.svg,https://www.lererhippeau.com/portfolio,2026-06-22T13:46:19Z
Giphy,GIPHY is the first and largest GIF search engine.,Exited,2014,http://www.giphy.com,https://cdn.prod.website-files.com/69ca9a18b40272cd4150f1b9/69d9462442a18c6a74227d32_Giphy.svg,https://www.lererhippeau.com/portfolio,2026-06-22T13:46:19Z
GlamSquad,Glamsquad is a provder of beauty services.,Exited,2014,http://www.glamsquad.com,https://cdn.prod.website-files.com/69ca9a18b40272cd4150f1b9/69d946451180b6417f0727ae_GlamSquad.svg,https://www.lererhippeau.com/portfolio,2026-06-22T13:46:19Z
Goldenset,Goldenset helps you manage your digital identity.,Exited,2022,https://www.goldenset.com/,https://cdn.prod.website-files.com/69ca9a18b40272cd4150f1b9/69e7652ef3d5f7ee55fabf6c_Goldenset.svg,https://www.lererhippeau.com/portfolio,2026-06-22T13:46:19Z
GoodRx,GoodRx is a leading source for lowering prescription drug costs.,Exited,2011,https://www.goodrx.com/,https://cdn.prod.website-files.com/69ca9a18b40272cd4150f1b9/69d946ad67671dd2a736ee53_GoodRx.svg,https://www.lererhippeau.com/portfolio,2026-06-22T13:46:19Z
Good Uncle,Good Uncle is a virtual food hall delivering hot meals is under 10 minutes.,Exited,2016,http://www.gooduncle.com,https://cdn.prod.website-files.com/69ca9a18b40272cd4150f1b9/69d946953c9ca224157a6185_Good%20Uncle.svg,https://www.lererhippeau.com/portfolio,2026-06-22T13:46:19Z
Group Commerce,Group Commerce is an enterprise-grade marketing platform for e-commerce.,Exited,2010,https://eu.nimblecommerce.com/,https://cdn.prod.website-files.com/69ca9a18b40272cd4150f1b9/69e765873024f4a85f5f7a51_Group%20Commerce.svg,https://www.lererhippeau.com/portfolio,2026-06-22T13:46:19Z
GroupMe,GroupMe is a group mobile messaging service.,Exited,2010,https://groupme.com/en-US/,https://cdn.prod.website-files.com/69ca9a18b40272cd4150f1b9/69d94704179b3256fcaa3217_GroupMe.svg,https://www.lererhippeau.com/portfolio,2026-06-22T13:46:19Z
Group Nine,Group Nine was a digital media holding company.,Exited,2016,http://www.groupninemedia.com,https://cdn.prod.website-files.com/69ca9a18b40272cd4150f1b9/69d946e9c4d4a65e94352cda_Group%20Nine.svg,https://www.lererhippeau.com/portfolio,2026-06-22T13:46:19Z
Grovo,Grovo was an enterprise training provider on internet tools and cloud services.,Exited,2011,http://www.grovo.com,https://cdn.prod.website-files.com/69ca9a18b40272cd4150f1b9/69d947213a8686f66c29d9cc_Grovo.svg,https://www.lererhippeau.com/portfolio,2026-06-22T13:46:19Z
Halp,Halp offers 1-on-1 digital coaching for international students.,Active,2022,https://halp.co/,https://cdn.prod.website-files.com/69ca9a18b40272cd4150f1b9/69d9475b9f042eb6ecbf0ce7_Halp.svg,https://www.lererhippeau.com/portfolio,2026-06-22T13:46:19Z
Haven Energy,Haven Energy is the climate tech platform accelerating home battery adoption.,Active,2022,https://havenenergy.com/,https://cdn.prod.website-files.com/69ca9a18b40272cd4150f1b9/69d9477c4913e08423e4a94f_Haven%20Energy.svg,https://www.lererhippeau.com/portfolio,2026-06-22T13:46:19Z
Havenly,Havenly is the best way to design your home.,Active,2018,https://havenly.com/,https://cdn.prod.website-files.com/69ca9a18b40272cd4150f1b9/69d9479bc9130d4690839e8a_Havenly.svg,https://www.lererhippeau.com/portfolio,2026-06-22T13:46:19Z
Hello Cake,Hello Cake is a sexual health brand.,Active,2021,https://hellocake.com/?gclid=CjwKCAjwz_WGBhA1EiwAUAxIcSIJIDowR5Q6YBnVoS2VFTDcYYQTb4C_fK2eyi5J2WB9JB6QVRi_tBoChxEQAvD_BwE,https://cdn.prod.website-files.com/69ca9a18b40272cd4150f1b9/69d94829d6ad11661415946a_Hello%20Cake.svg,https://www.lererhippeau.com/portfolio,2026-06-22T13:46:19Z
Heyday,Heyday is a one-stop skincare shop.,Exited,2017,https://www.heydayskincare.com/,https://cdn.prod.website-files.com/69ca9a18b40272cd4150f1b9/69d948622c8fc7228a7b13d1_Heyday.svg,https://www.lererhippeau.com/portfolio,2026-06-22T13:46:19Z
HiFi,HIFI is the financial rights organization for the music industry.,Exited,2019,https://hi.fi/,https://cdn.prod.website-files.com/69ca9a18b40272cd4150f1b9/69d9487eee8fd87cca36ba2e_HiFi.svg,https://www.lererhippeau.com/portfolio,2026-06-22T13:46:19Z
Hipster,Hipster is an app that allows users to share photographic postcards.,Exited,2011,http://yahoo.com,https://cdn.prod.website-files.com/69ca9a18b40272cd4150f1b9/69dfb3e557be8351f913cb86_Hipster.svg,https://www.lererhippeau.com/portfolio,2026-06-22T13:46:19Z
IFTTT,IFTTT is the free way to get all your apps and devices talking to each other.,Active,2011,http://www.ifttt.com,https://cdn.prod.website-files.com/69ca9a18b40272cd4150f1b9/69d95711f7f3468af1b2aac0_IFTTT.svg,https://www.lererhippeau.com/portfolio,2026-06-22T13:46:19Z
Ingenuity Foods,Ingenuity™ Brands is the first company dedicated to food-based brain nutrition.,Exited,2018,https://brainiackids.com/,https://cdn.prod.website-files.com/69ca9a18b40272cd4150f1b9/69d958dd9112c0c870a21c7f_Ingenuity%20Foods.svg,https://www.lererhippeau.com/portfolio,2026-06-22T13:46:19Z
Inturn,Inturn is the first global marketplace to efficiently and easily sell excess inventory.,Exited,2014,http://www.inturn.co,https://cdn.prod.website-files.com/69ca9a18b40272cd4150f1b9/69e0eb80a0fe0acaa5060617_Inturn.svg,https://www.lererhippeau.com/portfolio,2026-06-22T13:46:19Z
Jibe,Jibe provides SaaS-based recruiting technology solutions.,Exited,2010,http://www.jibe.com,https://cdn.prod.website-files.com/69ca9a18b40272cd4150f1b9/69d958fac376e282ffe72970_Jibe.png,https://www.lererhippeau.com/portfolio,2026-06-22T13:46:19Z
Jobr,Jobr connects talented individuals with job opportunities.,Exited,2014,https://www.monster.com/,https://cdn.prod.website-files.com/69ca9a18b40272cd4150f1b9/69e76614eed72c3634ae4c67_Jobr-logo.svg,https://www.lererhippeau.com/portfolio,2026-06-22T13:46:19Z
Joor,Joor is an online wholesale marketplace connecting fashion brands with retailers.,Active,2011,http://www.jooraccess.com,https://cdn.prod.website-files.com/69ca9a18b40272cd4150f1b9/69d9591bcccf03d6f5569985_Joor.svg,https://www.lererhippeau.com/portfolio,2026-06-22T13:46:19Z
Journey,Journey is the world’s first AI-powered loyalty program for independent hospitality.,Active,2025,https://journey.com,https://cdn.prod.website-files.com/69ca9a18b40272cd4150f1b9/69d95960db9ebb114aa5d4f8_Journey.svg,https://www.lererhippeau.com/portfolio,2026-06-22T13:46:19Z
June Life,June Oven is the world's only intelligent convection oven.,Exited,2014,http://juneoven.com,https://cdn.prod.website-files.com/69ca9a18b40272cd4150f1b9/69d9597ab9b958e29a3741bc_June%20Life.svg,https://www.lererhippeau.com/portfolio,2026-06-22T13:46:19Z
Kindred,Kindred is the community for senior leaders committed to advancing ESG and DEI.,Exited,2019,https://kindredmembers.com/,https://cdn.prod.website-files.com/69ca9a18b40272cd4150f1b9/69d959e78fb0d81e885affae_Kindred.png,https://www.lererhippeau.com/portfolio,2026-06-22T13:46:19Z
Klara,KLARA is a secure and collaborative communication platform for patients and providers.,Active,2016,http://klara.com,https://cdn.prod.website-files.com/69ca9a18b40272cd4150f1b9/69d959ff2edc91cefa6f22a2_Klara.svg,https://www.lererhippeau.com/portfolio,2026-06-22T13:46:19Z
Lava,Lava is the payment platform for the AI economy.,Active,2025,https://www.lavapayments.com/,https://cdn.prod.website-files.com/69ca9a18b40272cd4150f1b9/69d95a2ca4b97df843349890_Lava.svg,https://www.lererhippeau.com/portfolio,2026-06-22T13:46:19Z
LawnStarter,LawnStarter is the easiest and most trusted brand in lawn care.,Active,2018,https://www.lawnstarter.com/,https://cdn.prod.website-files.com/69ca9a18b40272cd4150f1b9/69d95a447deb6bbf852ae64a_LawnStarter.svg,https://www.lererhippeau.com/portfolio,2026-06-22T13:46:19Z
LeafLink,LeafLink is a wholesale order management platform for the cannabis industry.,Active,2017,http://leaflink.com,https://cdn.prod.website-files.com/69ca9a18b40272cd4150f1b9/69d95aa4c448318464238bed_LeafLink.svg,https://www.lererhippeau.com/portfolio,2026-06-22T13:46:19Z
Le Tote,Le Tote is an online fashion subscription service.,Exited,2013,http://www.letote.com,https://cdn.prod.website-files.com/69ca9a18b40272cd4150f1b9/69d95a62cd09234145499dd0_Le%20Tote.svg,https://www.lererhippeau.com/portfolio,2026-06-22T13:46:19Z
Le Walk,Le Walk is the location-based immersive travel app.,Active,2024,https://www.lewalk.app/,https://cdn.prod.website-files.com/69ca9a18b40272cd4150f1b9/69d95a798fb0d81e885b153f_Le%20Walk.svg,https://www.lererhippeau.com/portfolio,2026-06-22T13:46:19Z
Lil Snack,Lil Snack is the snackable games company.,Active,2024,https://www.lilsnack.co/,https://cdn.prod.website-files.com/69ca9a18b40272cd4150f1b9/69d95abfb9ba67455b0cd77a_Lil%20Snack.svg,https://www.lererhippeau.com/portfolio,2026-06-22T13:46:19Z
LittleBits,littleBits is an open source library of electronic modules built for prototyping.,Exited,2012,http://www.littlebits.cc,https://cdn.prod.website-files.com/69ca9a18b40272cd4150f1b9/69e085dd37aed61cf8bcf4e2_littleBits.svg,https://www.lererhippeau.com/portfolio,2026-06-22T13:46:19Z
LiveIntent,LiveIntent is a web platform offering advertising services for marketers and publishers.,Exited,2010,http://www.liveintent.com,https://cdn.prod.website-files.com/69ca9a18b40272cd4150f1b9/69d95aee63b2d1016c9edf22_LiveIntent.svg,https://www.lererhippeau.com/portfolio,2026-06-22T13:46:19Z
Lockchain.ai,Lockchain.ai is the AI-powered risk management platform for blockchain.,Active,2023,https://lockchain.ai/,https://cdn.prod.website-files.com/69ca9a18b40272cd4150f1b9/69e08b8d8c7c8a3ff5186f01_lockchain-ai.svg,https://www.lererhippeau.com/portfolio,2026-06-22T13:46:19Z
Lola,LOLA is a comprehensive resource for women's reproductive health and hygiene.,Exited,2016,http://www.mylola.com,https://cdn.prod.website-files.com/69ca9a18b40272cd4150f1b9/69d95b1d727f241a179833e7_Lola.svg,https://www.lererhippeau.com/portfolio,2026-06-22T13:46:19Z
Loop,Loop is the exchange-first returns platform for scaling Shopify brands.,Exited,2019,https://loopreturns.com/,https://cdn.prod.website-files.com/69ca9a18b40272cd4150f1b9/69d95b3994df9175f9f620f1_Loop.svg,https://www.lererhippeau.com/portfolio,2026-06-22T13:46:19Z
Magic,Magic transforms real world experiences with AI.,Active,2025,https://magic.company,https://cdn.prod.website-files.com/69ca9a18b40272cd4150f1b9/69d95bae721dc8f3705e854b_Magic.svg,https://www.lererhippeau.com/portfolio,2026-06-22T13:46:19Z
MakerBot,MakerBot Industries creates open source 3D printers.,Exited,2010,http://www.stratasys.com,https://cdn.prod.website-files.com/69ca9a18b40272cd4150f1b9/69d95bcf3af57ddfd7285fea_MakerBot.svg,https://www.lererhippeau.com/portfolio,2026-06-22T13:46:19Z
Makr,Makr provides a design application to create customizable stationary products.,Exited,2013,"https://www.staples.com/?dm_tpl=32829&dm_ad=1&dm_fb=0,0,0,0,0,0,0&cid=PS:GS:SBD:B:BN&gclid=Cj0KCQjw852XBhC6ARIsAJsFPN0ALb0iN_Y2-eWR8lHxMtWLQHbkRPdaUG6frr_cv5ZHiFat1k3HD6AaAqEnEALw_wcB",https://cdn.prod.website-files.com/69ca9a18b40272cd4150f1b9/69d95bed8dbb273970c54ab0_Makr.svg,https://www.lererhippeau.com/portfolio,2026-06-22T13:46:19Z
Market,Market is the AI assistant for e-commerce marketing.,Exited,2019,https://www.withmarket.ai/,https://cdn.prod.website-files.com/69ca9a18b40272cd4150f1b9/69dfb4d9df2f7f68e04615d8_market.svg,https://www.lererhippeau.com/portfolio,2026-06-22T13:46:19Z
Maxwell Health,Maxwell Health is an operating system for employee benefits in the healthcare industry.,Exited,2013,http://www.maxwellhealth.com,https://cdn.prod.website-files.com/69ca9a18b40272cd4150f1b9/69dca5bc8b3c962658466a46_Maxwell%20Health.svg,https://www.lererhippeau.com/portfolio,2026-06-22T13:46:19Z
Medly,Medly delivers prescriptions to your door.,Exited,2019,https://medlypharmacy.com/,https://cdn.prod.website-files.com/69ca9a18b40272cd4150f1b9/69e0eb9d83a567856de2e3d3_Medly.svg,https://www.lererhippeau.com/portfolio,2026-06-22T13:46:19Z
Medmo,Medmo transforms medical imaging for patients and providers.,Active,2023,https://www.medmo.com/,https://cdn.prod.website-files.com/69ca9a18b40272cd4150f1b9/69dcab0aaae47eac1956c35f_Medmo.svg,https://www.lererhippeau.com/portfolio,2026-06-22T13:46:19Z
Meet Cute,Meet Cute is an audio rom-com company.,Exited,2020,https://www.meetcute.com/,https://cdn.prod.website-files.com/69ca9a18b40272cd4150f1b9/69e76696d24b59c31e740f13_Meet%20Cute.svg,https://www.lererhippeau.com/portfolio,2026-06-22T13:46:19Z
Memrise,Memrise is an online learning platform.,Exited,2011,http://www.memrise.com,https://cdn.prod.website-files.com/69ca9a18b40272cd4150f1b9/69dcab95c36a6445a06499ac_Memrise.svg,https://www.lererhippeau.com/portfolio,2026-06-22T13:46:19Z
Mentium,Mentium is the AI agent for the supply chain logistics industry.,Active,2024,https://mentium.io,https://cdn.prod.website-files.com/69ca9a18b40272cd4150f1b9/69e76a101a0e36f3b32f69bc_Mentium.svg,https://www.lererhippeau.com/portfolio,2026-06-22T13:46:19Z
Metric Insights,Metric Insights is a business intelligence portal.,Active,2015,http://www.metricinsights.com,https://cdn.prod.website-files.com/69ca9a18b40272cd4150f1b9/69dcac93b0e2d0e638aba21e_Metric%20Insights.svg,https://www.lererhippeau.com/portfolio,2026-06-22T13:46:19Z
Mic,Mic is the leading digital news company for change makers.,Exited,2013,https://mic.com/,https://cdn.prod.website-files.com/69ca9a18b40272cd4150f1b9/69dcacafe1c5367d23c2e43e_Mic.svg,https://www.lererhippeau.com/portfolio,2026-06-22T13:46:19Z
Moat,Moat is a SaaS-based search engine for display ads.,Exited,2011,http://www.moat.com,https://cdn.prod.website-files.com/69ca9a18b40272cd4150f1b9/69e0cbe2961502e80e167893_MOAT.png,https://www.lererhippeau.com/portfolio,2026-06-22T13:46:19Z
Monument,Monument is an online support community and telehealth solution for alcohol addiction.,Active,2019,https://joinmonument.com/,https://cdn.prod.website-files.com/69ca9a18b40272cd4150f1b9/69dcacc62a82360890c35fd9_Monument.svg,https://www.lererhippeau.com/portfolio,2026-06-22T13:46:19Z
Morty,Morty empowers homebuyers to confidently secure and finance their home purchase.,Active,2018,https://www.morty.com/,https://cdn.prod.website-files.com/69ca9a18b40272cd4150f1b9/69dcace87416e9ed4ae7978a_Morty.svg,https://www.lererhippeau.com/portfolio,2026-06-22T13:46:19Z
mother.tech,mother.tech is an AI-native apps and entertainment company.,Active,2023,https://mother.tech/,https://cdn.prod.website-files.com/69ca9a18b40272cd4150f1b9/69dfb5cf5107887bd1aba2a8_Mother-logo-inverted%201.svg,https://www.lererhippeau.com/portfolio,2026-06-22T13:46:19Z
MOTORMIA,MOTORMIA is the AI-powered automotive platform.,Active,2024,https://www.motormia.co/,https://cdn.prod.website-files.com/69ca9a18b40272cd4150f1b9/69d95b8bf34064386b30ae57_MOTORMIA.svg,https://www.lererhippeau.com/portfolio,2026-06-22T13:46:19Z
Mura,Mura uses AI to improve commercial field service operations.,Active,2024,https://www.mura.co/,https://cdn.prod.website-files.com/69ca9a18b40272cd4150f1b9/69dcad01d5448ddef69f1976_Mura.svg,https://www.lererhippeau.com/portfolio,2026-06-22T13:46:19Z
MyCarrier,MyCarrier is the transportation management platform for SMBs.,Active,2021,https://go.mycarrier.io/,https://cdn.prod.website-files.com/69ca9a18b40272cd4150f1b9/69dcad1c80c205b648346a4e_MyCarrier.svg,https://www.lererhippeau.com/portfolio,2026-06-22T13:46:19Z
Nacelle,Nacelle is a headless commerce platform for high-speed page loads and mobile shopping.,Active,2020,https://getnacelle.com/,https://cdn.prod.website-files.com/69ca9a18b40272cd4150f1b9/69dcad3474bc51cb1c34bbe2_Nacelle.svg,https://www.lererhippeau.com/portfolio,2026-06-22T13:46:19Z
Namely,Namely is an all-in-one HR platform employees will love to use.,Exited,2012,http://www.namely.com,https://cdn.prod.website-files.com/69ca9a18b40272cd4150f1b9/69dcad4a53f556bdf4f153b5_Namely.svg,https://www.lererhippeau.com/portfolio,2026-06-22T13:46:19Z
Neighborland,Neighborland is a public engagement platform.,Exited,2012,http://www.neighborland.com,https://cdn.prod.website-files.com/69ca9a18b40272cd4150f1b9/69e76b1795d8c9830c8b490e_Neighborland.svg,https://www.lererhippeau.com/portfolio,2026-06-22T13:46:19Z
NewsCred,NewsCred was a content marketing and syndication platform for brands and publishers.,Exited,2011,http://www.newscred.com,https://cdn.prod.website-files.com/69ca9a18b40272cd4150f1b9/69e0cc2dab16e6fd4c71ef55_NewsCred.svg,https://www.lererhippeau.com/portfolio,2026-06-22T13:46:19Z
Newsle,Newsle is a web application that allows users to follow news on social media platforms.,Exited,2011,https://www.linkedin.com/feed/,https://cdn.prod.website-files.com/69ca9a18b40272cd4150f1b9/69dcad7c720a714b39f63a41_Newsle.svg,https://www.lererhippeau.com/portfolio,2026-06-22T13:46:19Z
Niche,Niche.co was an online community of social media creators.,Exited,2014,https://twitter.com/home?lang=en,https://cdn.prod.website-files.com/69ca9a18b40272cd4150f1b9/69dcad947b6607472c709b5f_Niche.svg,https://www.lererhippeau.com/portfolio,2026-06-22T13:46:19Z
Nifty League,Nifty League is building the premier modern gaming ecosystem in the metaverse.,Active,2022,https://niftyleague.com/,https://cdn.prod.website-files.com/69ca9a18b40272cd4150f1b9/69dcaddf0c35f4526d3dd7c8_Nifty%20League.svg,https://www.lererhippeau.com/portfolio,2026-06-22T13:46:19Z
Nodejitsu,Nodejitsude provides a node.js PaaS to build scalable private clouds.,Exited,2011,https://www.godaddy.com/,https://cdn.prod.website-files.com/69ca9a18b40272cd4150f1b9/69dcadf7b8465c049d4122b0_Nodejitsu.svg,https://www.lererhippeau.com/portfolio,2026-06-22T13:46:19Z
Novel,Novel helps brands build loyalty with digital wallet passes.,Exited,2021,https://www.novel.com/,https://cdn.prod.website-files.com/69ca9a18b40272cd4150f1b9/69dcae1162c528d0b11d9ed4_Novel.svg,https://www.lererhippeau.com/portfolio,2026-06-22T13:46:19Z
On Me,On Me is the personalized digital gifting platform.,Active,2023,https://onme.com/,https://cdn.prod.website-files.com/69ca9a18b40272cd4150f1b9/69dcae3d402fa950176876f0_On%20Me.svg,https://www.lererhippeau.com/portfolio,2026-06-22T13:46:19Z
OnProfit,OnProfit is the platform helping the enterprise maximize revenue.,Active,2024,https://onprofit.com/,https://cdn.prod.website-files.com/69ca9a18b40272cd4150f1b9/69dcae584714420b63b7f959_OnProfit.svg,https://www.lererhippeau.com/portfolio,2026-06-22T13:46:19Z
Onward,Onward helps divorced and separated parents manage shared expenses for children.,Exited,2021,https://www.onwardapp.com/,https://cdn.prod.website-files.com/69ca9a18b40272cd4150f1b9/69e0ec34ca47f88c72d704d3_Onward.svg,https://www.lererhippeau.com/portfolio,2026-06-22T13:46:19Z
OrderGroove,Ordergroove is a subscription commerce platform optimizing recurring revenue.,Exited,2011,http://www.ordergroove.com,https://cdn.prod.website-files.com/69ca9a18b40272cd4150f1b9/69dcae844df2fbeffe6710d0_OrderGroove.svg,https://www.lererhippeau.com/portfolio,2026-06-22T13:46:19Z
Otherland,Otherland is a home fragrance brand.,Exited,2019,https://www.otherland.com/,https://cdn.prod.website-files.com/69ca9a18b40272cd4150f1b9/69dcaec3c1b2cd72279a04b4_Otherland.svg,https://www.lererhippeau.com/portfolio,2026-06-22T13:46:19Z
P-1 AI,P-1 AI is building engineering AGI for the physical world.,Active,2024,https://p-1.ai/,https://cdn.prod.website-files.com/69ca9a18b40272cd4150f1b9/69dcaeed98394e9d3422af17_P-1%20AI.svg,https://www.lererhippeau.com/portfolio,2026-06-22T13:46:19Z
PaintZen,Paintzen is an online painting company.,Exited,2014,https://www.paintzen.com/,https://cdn.prod.website-files.com/69ca9a18b40272cd4150f1b9/69dcaf1f67bd1d21e1f70159_PaintZen.svg,https://www.lererhippeau.com/portfolio,2026-06-22T13:46:19Z
Pando,Pando is the first true career progression platform.,Active,2020,https://www.pando.com/,https://cdn.prod.website-files.com/69ca9a18b40272cd4150f1b9/69dcaf4d7cf5c27e4458d18a_Pando.svg,https://www.lererhippeau.com/portfolio,2026-06-22T13:46:19Z
Pangea Health,Pangea Health is a software-enabled sales marketplace.,Exited,2022,https://www.pangeahealth.com/,https://cdn.prod.website-files.com/69ca9a18b40272cd4150f1b9/69dcaf66f510427590547513_Pangea%20Health.svg,https://www.lererhippeau.com/portfolio,2026-06-22T13:46:19Z
Panjo,"Panjo is an online marketplace for auto, sport, and hobby enthusiasts.",Exited,2013,http://www.panjo.com,https://cdn.prod.website-files.com/69ca9a18b40272cd4150f1b9/69e0ec53d19bed0610ab1a4b_Panjo.png,https://www.lererhippeau.com/portfolio,2026-06-22T13:46:19Z
Panna,Panna is a digital cooking magazine.,Exited,2013,http://www.pannacooking.com,https://cdn.prod.website-files.com/69ca9a18b40272cd4150f1b9/69dfb63d6ccc983de210bcda_Panna%20Cooking.svg,https://www.lererhippeau.com/portfolio,2026-06-22T13:46:19Z
Parade,Parade is a sustainable and all-inclusive underwear brand.,Exited,2019,https://yourparade.com/,https://cdn.prod.website-files.com/69ca9a18b40272cd4150f1b9/69dfb694aec71c5c58700259_Parade.svg,https://www.lererhippeau.com/portfolio,2026-06-22T13:46:19Z
Parsec,Parsec is a high-performance remote desktop and streaming platform.,Exited,2017,https://parsecgaming.com/,https://cdn.prod.website-files.com/69ca9a18b40272cd4150f1b9/69dcaf7c6ca961a7636cf9d1_Parsec.svg,https://www.lererhippeau.com/portfolio,2026-06-22T13:46:19Z
Payable,Payable helps you easily manage and pay your contractors.,Exited,2014,https://stripe.com/,https://cdn.prod.website-files.com/69ca9a18b40272cd4150f1b9/69dcaf972af6f3ac991efdb0_Payable.svg,https://www.lererhippeau.com/portfolio,2026-06-22T13:46:19Z
Peel,Peel is a data analytics platform that automates marketing and business analytics.,Exited,2021,https://www.peelinsights.com/,https://cdn.prod.website-files.com/69ca9a18b40272cd4150f1b9/69dcafb3c4fab7e300e78e49_Peel.svg,https://www.lererhippeau.com/portfolio,2026-06-22T13:46:19Z
Percolate,Percolate's intelligent platform helps brands scale their digital content strategies.,Exited,2011,http://www.percolate.com,https://cdn.prod.website-files.com/69ca9a18b40272cd4150f1b9/69dcafcccc1beaff2ae1f8ab_Percolate.svg,https://www.lererhippeau.com/portfolio,2026-06-22T13:46:19Z
Performance Drone Works,Performance Drone Works develops autonomous unmanned aerial systems.,Active,2019,https://www.pdw.ai/,https://cdn.prod.website-files.com/69ca9a18b40272cd4150f1b9/69dcafe380e427564db49b65_Performance%20Drone%20Works.svg,https://www.lererhippeau.com/portfolio,2026-06-22T13:46:19Z
Perry Health,Perry Health is the world's first remote health system for patients with chronic disease.,Exited,2019,https://www.perryhealth.com/,https://cdn.prod.website-files.com/69ca9a18b40272cd4150f1b9/69e0866fc9aae755fd2629b1_perryhealth.svg,https://www.lererhippeau.com/portfolio,2026-06-22T13:46:19Z
Pie,"Pie helps you meet friends-of-friends, doing things IRL.",Active,2022,https://apps.apple.com/us/app/pie-meet-friends-of-friends/id1509667820?utm_source=Twitter,https://cdn.prod.website-files.com/69ca9a18b40272cd4150f1b9/69dcaff83825144bef41b217_Pie.svg,https://www.lererhippeau.com/portfolio,2026-06-22T13:46:19Z
Plated,Plated delivers gourmet recipes and ingredients.,Exited,2013,http://www.plated.com,https://cdn.prod.website-files.com/69ca9a18b40272cd4150f1b9/69e0ec73fa40d1bd0f7499ed_Plated.svg,https://www.lererhippeau.com/portfolio,2026-06-22T13:46:19Z
Plus One Robotics,Plus One provides robotic solutions for parcel handling and logistics,Active,2017,https://plusonerobotics.com/,https://cdn.prod.website-files.com/69ca9a18b40272cd4150f1b9/69dcb03780e427564db4a831_Plus%20One%20Robotics.svg,https://www.lererhippeau.com/portfolio,2026-06-22T13:46:19Z
Poncho,Poncho was a mobile app for personalized weather forecasts.,Exited,2016,https://www.irisnova.com/,https://cdn.prod.website-files.com/69ca9a18b40272cd4150f1b9/69dcb04d7bc4589d2ed63ac1_Poncho.svg,https://www.lererhippeau.com/portfolio,2026-06-22T13:46:19Z
PowerToFly,PowerToFly is a recruiting and retention platform for diverse talent.,Active,2014,http://www.powertofly.com,https://cdn.prod.website-files.com/69ca9a18b40272cd4150f1b9/69dcb0622a1444dd9e45c3a2_PowerToFly.svg,https://www.lererhippeau.com/portfolio,2026-06-22T13:46:19Z
PRIMA,Prima is a wellness brand.,Exited,2018,https://www.prima.co/,https://cdn.prod.website-files.com/69ca9a18b40272cd4150f1b9/69dcaf042ddb544ca0c5ce05_PRIMA.svg,https://www.lererhippeau.com/portfolio,2026-06-22T13:46:19Z
PublicStuff,PublicStuff is an online community service.,Exited,2011,https://www.accela.com/,https://cdn.prod.website-files.com/69ca9a18b40272cd4150f1b9/69e0ec9dc4e8422a38b41e0b_PublicStuff.svg,https://www.lererhippeau.com/portfolio,2026-06-22T13:46:19Z
Pulse,Pulse is a news reading app providing news from miltiple RSS feeds.,Exited,2011,http://www.linkedin.com,https://cdn.prod.website-files.com/69ca9a18b40272cd4150f1b9/69dcb090b02313d7a66023a1_Pulse.svg,https://www.lererhippeau.com/portfolio,2026-06-22T13:46:19Z
PureWow,PureWow is a digial media company focused on women's lifestyle content.,Exited,2010,https://vaynermedia.com/,https://cdn.prod.website-files.com/69ca9a18b40272cd4150f1b9/69dcb0a8b0e2d0e638ac52cf_PureWow.svg,https://www.lererhippeau.com/portfolio,2026-06-22T13:46:19Z
Quartzy,Quartzy is an online laboratory management system.,Active,2011,http://www.quartzy.com,https://cdn.prod.website-files.com/69ca9a18b40272cd4150f1b9/69dcb0d3cf09bb2a07f2e1f5_Quartzy.svg,https://www.lererhippeau.com/portfolio,2026-06-22T13:46:19Z
Qwiki,Qwiki was an app that allows users to create interactive stories.,Exited,2011,http://www.yahoo.com,https://cdn.prod.website-files.com/69ca9a18b40272cd4150f1b9/69dccd9cca8e5b46eeb71272_Qwiki.svg,https://www.lererhippeau.com/portfolio,2026-06-22T13:46:19Z
Radiate,Radiate connects people through shared experiences.,Active,2018,https://www.radiatetheworld.com/,https://cdn.prod.website-files.com/69ca9a18b40272cd4150f1b9/69dccecda6cbbae561efce04_Radiate.svg,https://www.lererhippeau.com/portfolio,2026-06-22T13:46:19Z
Realm,Realm provides a centralized source of actionable insights for homeowners.,Active,2020,https://realmhome.com/,https://cdn.prod.website-files.com/69ca9a18b40272cd4150f1b9/69dccf35d2d608496e7ae65d_Realm.svg,https://www.lererhippeau.com/portfolio,2026-06-22T13:46:19Z
Realm.io,Realm (formerly tight.db) is a mobile open-source database.,Exited,2011,https://realm.io/,https://cdn.prod.website-files.com/69ca9a18b40272cd4150f1b9/69dccf602ae6a88cd5de1250_Realm.io.svg,https://www.lererhippeau.com/portfolio,2026-06-22T13:46:19Z
Rebel,Rebel is a software platform enabling web-functionality within emails.,Exited,2014,http://www.rebelmail.com,https://cdn.prod.website-files.com/69ca9a18b40272cd4150f1b9/69e0ed0a5b409bc49525e843_Rebel.svg,https://www.lererhippeau.com/portfolio,2026-06-22T13:46:19Z
RebelMouse,RebelMouse is the first publishing platform fully wired for social.,Active,2012,http://www.rebelmouse.com,https://cdn.prod.website-files.com/69ca9a18b40272cd4150f1b9/69dccf7aa41f63ee41f0c807_RebelMouse.svg,https://www.lererhippeau.com/portfolio,2026-06-22T13:46:19Z
Recast,Recast is an automated marketing data science platform for the digital era,Active,2022,http://getrecast.com,https://cdn.prod.website-files.com/69ca9a18b40272cd4150f1b9/69e10955487bbaff84973ad9_recast-logo%201.svg,https://www.lererhippeau.com/portfolio,2026-06-22T13:46:19Z
Recyclops,Recyclops makes recycling and sustainable options accessible.,Active,2021,https://recyclops.com/,https://cdn.prod.website-files.com/69ca9a18b40272cd4150f1b9/69dccf92683f071838af8b34_Recyclops.svg,https://www.lererhippeau.com/portfolio,2026-06-22T13:46:19Z
Refinery 29,Refinery29 is a fashion and style website and media company.,Exited,2012,http://www.refinery29.com,https://cdn.prod.website-files.com/69ca9a18b40272cd4150f1b9/69dccfd8f7881a14c3f9c312_Refinery%2029.svg,https://www.lererhippeau.com/portfolio,2026-06-22T13:46:19Z
Resy,Resy is a mobile app for reservations.,Exited,2014,http://www.resy.com,https://cdn.prod.website-files.com/69ca9a18b40272cd4150f1b9/69dccff7e3575e229ec5d0ff_Resy.svg,https://www.lererhippeau.com/portfolio,2026-06-22T13:46:19Z
Rise Labs,Rise provides affordable 1:1 personal diet coaching from top nutritionists.,Exited,2015,https://www.onemedical.com/,https://cdn.prod.website-files.com/69ca9a18b40272cd4150f1b9/69e087ee2d9db260df099caa_Rise%20Labs.svg,https://www.lererhippeau.com/portfolio,2026-06-22T13:46:19Z
Rize,RIZE was a 3D printing company.,Exited,2016,https://palitra3d.com/welcome-rize-customers/,https://cdn.prod.website-files.com/69ca9a18b40272cd4150f1b9/69e0fc2345690f3b0c770855_Rize.png,https://www.lererhippeau.com/portfolio,2026-06-22T13:46:19Z
Rockets of Awesome,Rockets of Awesome is a e-commerce platform for childrens clothing.,Exited,2015,http://www.rocketsofawesome.com,https://cdn.prod.website-files.com/69ca9a18b40272cd4150f1b9/69dcd01f0b6afc3e29abb36f_Rockets%20of%20Awesome.svg,https://www.lererhippeau.com/portfolio,2026-06-22T13:46:19Z
ROOM,ROOM is the modular office brand.,Exited,2020,https://room.com/,https://cdn.prod.website-files.com/69ca9a18b40272cd4150f1b9/69dcceb5942a6b30cb0b21d2_ROOM.svg,https://www.lererhippeau.com/portfolio,2026-06-22T13:46:19Z
Sailthru,Sailthru provides personalized marketing communication technology.,Exited,2010,http://www.sailthru.com,https://cdn.prod.website-files.com/69ca9a18b40272cd4150f1b9/69dcd05f8d1a09602e56856a_Sailthru.svg,https://www.lererhippeau.com/portfolio,2026-06-22T13:46:19Z
Scaled Cognition,Scaled Cognition is the world’s first agentic pre-trained transformer.,Active,2023,https://www.scaledcognition.com/,https://cdn.prod.website-files.com/69ca9a18b40272cd4150f1b9/69dcd07c271429a0844c75ea_Scaled%20Cognition.svg,https://www.lererhippeau.com/portfolio,2026-06-22T13:46:19Z
Science Exchange,Science Exchange is a marketplace for scientific collaboration.,Exited,2011,http://www.scienceexchange.com,https://cdn.prod.website-files.com/69ca9a18b40272cd4150f1b9/69dcd09eef0a7c731c30892e_Science%20Exchange.svg,https://www.lererhippeau.com/portfolio,2026-06-22T13:46:19Z
Scotch,Scotch is the all-in-one operating system for the alcohol beverage industry.,Active,2024,https://scotchpos.com/,https://cdn.prod.website-files.com/69ca9a18b40272cd4150f1b9/69dcd1490611f175860caa08_Scotch.svg,https://www.lererhippeau.com/portfolio,2026-06-22T13:46:19Z
SeatGeek,SeatGeek is a ticket search engine.,Exited,2010,http://www.seatgeek.com,https://cdn.prod.website-files.com/69ca9a18b40272cd4150f1b9/69e0168907c4c2ceacd18a31_SeatGeek.svg,https://www.lererhippeau.com/portfolio,2026-06-22T13:46:19Z
SellerCrowd,???,Exited,2012,http://www.sellercrowd.com,https://cdn.prod.website-files.com/69ca9a18b40272cd4150f1b9/69dcd166faabdc28eee3fb67_SellerCrowd.svg,https://www.lererhippeau.com/portfolio,2026-06-22T13:46:19Z
Sequencing.com,Sequencing.com is a DNA interpretation platform.,Active,2021,https://sequencing.com/,https://cdn.prod.website-files.com/69ca9a18b40272cd4150f1b9/69dcd1af57444c276b1c7032_Sequencing.svg,https://www.lererhippeau.com/portfolio,2026-06-22T13:46:19Z
Shortcut,Shortcut is a project manage platform for software teams.,Active,2014,https://shortcut.com/,https://cdn.prod.website-files.com/69ca9a18b40272cd4150f1b9/69dcd1c5fbec46c8d370971e_Shortcut.svg,https://www.lererhippeau.com/portfolio,2026-06-22T13:46:19Z
Sidecar,SideCar was an app that allowed drivers to fill spare seats.,Exited,2011,https://www.gm.com/,https://cdn.prod.website-files.com/69ca9a18b40272cd4150f1b9/69dfb7681b690a4464434866_sidecar.svg,https://www.lererhippeau.com/portfolio,2026-06-22T13:46:19Z
Simple,Simple is a web and mobile application simplifying banking processes.,Exited,2010,https://www.bbva.com/en/us/,https://cdn.prod.website-files.com/69ca9a18b40272cd4150f1b9/69dfb7aeaec71c5c58705a24_Simple.svg,https://www.lererhippeau.com/portfolio,2026-06-22T13:46:19Z
SIMULATE,SIMULATE is the maker of plant-based chicken products.,Exited,2017,https://simulate.com/,https://cdn.prod.website-files.com/69ca9a18b40272cd4150f1b9/69e1099d98e3aa42fbfc7cd9_SIMULATE%201.png,https://www.lererhippeau.com/portfolio,2026-06-22T13:46:19Z
Skift,Skift is a travel intelligence media company.,Active,2013,http://www.skift.com,https://cdn.prod.website-files.com/69ca9a18b40272cd4150f1b9/69dcd1f882f25bf501cd76f6_Skift.svg,https://www.lererhippeau.com/portfolio,2026-06-22T13:46:19Z
Skiplagged,Skiplagged is a travel platform that makes it more affordable to see the world.,Active,2018,https://skiplagged.com/,https://cdn.prod.website-files.com/69ca9a18b40272cd4150f1b9/69dcd20ef0e5de04cb4d2151_Skiplagged.svg,https://www.lererhippeau.com/portfolio,2026-06-22T13:46:19Z
Small Door,Small Door is a new veterinary experience.,Active,2018,http://www.smalldoorvet.com/,https://cdn.prod.website-files.com/69ca9a18b40272cd4150f1b9/69dcd226b7e0b1de32bbcdf2_Small%20Door.svg,https://www.lererhippeau.com/portfolio,2026-06-22T13:46:19Z
SmartThings,SmartThings allows users to connect and control smart home devices.,Exited,2012,http://www.smartthings.com,https://cdn.prod.website-files.com/69ca9a18b40272cd4150f1b9/69dfb8797aafe51dd83c5e34_SmartThings.svg,https://www.lererhippeau.com/portfolio,2026-06-22T13:46:19Z
SocialFlow,SocialFlow is a social distribution and monetization platform.,Exited,2016,http://www.socialflow.com/,https://cdn.prod.website-files.com/69ca9a18b40272cd4150f1b9/69dcd2415e4ae9b6721303ba_SocialFlow.svg,https://www.lererhippeau.com/portfolio,2026-06-22T13:46:19Z
Songza,Songza is a free music streaming service.,Exited,2013,https://www.google.com/,https://cdn.prod.website-files.com/69ca9a18b40272cd4150f1b9/69dcd257dfd87a683176d425_Songza.svg,https://www.lererhippeau.com/portfolio,2026-06-22T13:46:19Z
Sonoro,Sonoro is the content creation platform for audio-first Latinx storytelling.,Active,2020,https://sonoromedia.com/,https://cdn.prod.website-files.com/69ca9a18b40272cd4150f1b9/69dcd271bc94a0e1f668724c_Sonoro.svg,https://www.lererhippeau.com/portfolio,2026-06-22T13:46:19Z
Soylent,Soylent is a pioneer of the plant-based meal replacement category.,Exited,2013,https://soylent.com/,https://cdn.prod.website-files.com/69ca9a18b40272cd4150f1b9/69dcd28a7898bc3edef0099f_Soylent.svg,https://www.lererhippeau.com/portfolio,2026-06-22T13:46:19Z
Spacious,Spacious is a platform that repurposes underutilized urban spaces.,Exited,2016,https://www.wework.com/,https://cdn.prod.website-files.com/69ca9a18b40272cd4150f1b9/69e08883ac3327c09d146f6d_Spacious.svg,https://www.lererhippeau.com/portfolio,2026-06-22T13:46:19Z
Spanfeller Media Group,Spanfeller Media Group is digital publishing company.,Exited,2010,https://www.tribpub.com/,https://cdn.prod.website-files.com/69ca9a18b40272cd4150f1b9/69dcd2a56107862cebfc4b2d_Spanfeller%20Media%20Group.svg,https://www.lererhippeau.com/portfolio,2026-06-22T13:46:19Z
Spatial,Spatial helps creators and brands build their own metaverse spaces.,Active,2018,https://spatial.io/,https://cdn.prod.website-files.com/69ca9a18b40272cd4150f1b9/69dcd2bf66ee102822e702cd_Spatial.svg,https://www.lererhippeau.com/portfolio,2026-06-22T13:46:19Z
Spectrm,Spectrm enables users to create their own media content for messaging apps.,Exited,2016,https://spectrm.io/,https://cdn.prod.website-files.com/69ca9a18b40272cd4150f1b9/69e088e757297a068a003d96_Spectrm.svg,https://www.lererhippeau.com/portfolio,2026-06-22T13:46:19Z
Splash,Splash is an event technology company that powers in-person marketing.,Exited,2013,http://www.splashthat.com,https://cdn.prod.website-files.com/69ca9a18b40272cd4150f1b9/69dcd2d5120d9ae1b98d8310_Splash.svg,https://www.lererhippeau.com/portfolio,2026-06-22T13:46:19Z
Spoon Media,Spoon University is a food media brand for the next generation.,Exited,2015,http://spoonuniversity.com,https://cdn.prod.website-files.com/69ca9a18b40272cd4150f1b9/69dcd30926089ec13c7823ac_Spoon%20Media.svg,https://www.lererhippeau.com/portfolio,2026-06-22T13:46:19Z
Static Media,"Static Media, formerly ZergNet, is an editorial recommendations platform.",Exited,2014,https://www.static.com/,https://cdn.prod.website-files.com/69ca9a18b40272cd4150f1b9/69dcd32f94130ce5777b534b_Static%20Media.svg,https://www.lererhippeau.com/portfolio,2026-06-22T13:46:19Z
Stiller's Soda,Stiller's Soda is Ben Stiller's modern beverage brand.,Active,2025,https://stillerssoda.com/,https://cdn.prod.website-files.com/69ca9a18b40272cd4150f1b9/69dcd386e43933397d13f323_Stiller%27s%20Soda.svg,https://www.lererhippeau.com/portfolio,2026-06-22T13:46:19Z
Stitch,Stitch is a self-service data integration market.,Exited,2011,http://www.stitchdata.com,https://cdn.prod.website-files.com/69ca9a18b40272cd4150f1b9/69dcd59ad2fb9557ccc6bda5_Stitch.svg,https://www.lererhippeau.com/portfolio,2026-06-22T13:46:19Z
Storehouse,Viewfinder is a photo sharing and curation app.,Exited,2013,https://squareup.com/us/en,https://cdn.prod.website-files.com/69ca9a18b40272cd4150f1b9/69dcd5b48be61fcce0d20ab2_Storehouse.svg,https://www.lererhippeau.com/portfolio,2026-06-22T13:46:19Z
Studypool,Studypool is an online marketplace connecting students with tutors.,Active,2015,http://www.studypool.com,https://cdn.prod.website-files.com/69ca9a18b40272cd4150f1b9/69dcd5e94867226609a4fd2d_Studypool.svg,https://www.lererhippeau.com/portfolio,2026-06-22T13:46:19Z
Sunrise,Sunrise is a free calendar app.,Exited,2013,https://www.microsoft.com/en-us/,https://cdn.prod.website-files.com/69ca9a18b40272cd4150f1b9/69dcd6267c22942d772eade6_Sunrise.svg,https://www.lererhippeau.com/portfolio,2026-06-22T13:46:19Z
Sweet Reason,Sweet Reason is a CBD-infused sparkling water brand.,Exited,2019,https://drinksweetreason.com/,https://cdn.prod.website-files.com/69ca9a18b40272cd4150f1b9/69e0fc7af1a4a01492ed98db_Sweet%20Reason.png,https://www.lererhippeau.com/portfolio,2026-06-22T13:46:19Z
Symbiotic Security,Symbiotic Security is the first real-time security platform for software development.,Active,2024,https://www.symbioticsec.ai/,https://cdn.prod.website-files.com/69ca9a18b40272cd4150f1b9/69dcd63dcd0278981d355ac2_Symbiotic%20Security.svg,https://www.lererhippeau.com/portfolio,2026-06-22T13:46:19Z
Tapad,Tapad provides cross-platform and unified ad solutions for brands and businesses.,Exited,2010,http://www.tapad.com,https://cdn.prod.website-files.com/69ca9a18b40272cd4150f1b9/69dfb991aa27633b567cc586_Tapad.svg,https://www.lererhippeau.com/portfolio,2026-06-22T13:46:19Z
Teal Labs,Teal provides solutions to accelerate the job search.,Active,2020,https://www.tealhq.com/,https://cdn.prod.website-files.com/69ca9a18b40272cd4150f1b9/69dcd6552550808cc0c8b011_Teal%20Labs.svg,https://www.lererhippeau.com/portfolio,2026-06-22T13:46:19Z
TeamOhana,TeamOhana is the AI-powered platform for headcount management.,Active,2024,https://www.teamohana.com/,https://cdn.prod.website-files.com/69ca9a18b40272cd4150f1b9/69dcd66fb5ae6b2ca65af11e_TeamOhana.svg,https://www.lererhippeau.com/portfolio,2026-06-22T13:46:19Z
Teleskope,"Teleskope is a data protection platform that automates security, privacy, and compliance.",Active,2022,http://teleskope.ai,https://cdn.prod.website-files.com/69ca9a18b40272cd4150f1b9/69dcd6886e1effd092d7894d_Teleskope.svg,https://www.lererhippeau.com/portfolio,2026-06-22T13:46:19Z
Tetra,Tetra is a home services company.,Active,2021,http://tetra.com,https://cdn.prod.website-files.com/69ca9a18b40272cd4150f1b9/69dcd69d3a1c153426316077_Tetra.svg,https://www.lererhippeau.com/portfolio,2026-06-22T13:46:19Z
Texture,Texture is the first data and communication platform for distributed energy.,Active,2023,https://www.texturehq.com/,https://cdn.prod.website-files.com/69ca9a18b40272cd4150f1b9/69dcd6b40611f175860da098_Texture.svg,https://www.lererhippeau.com/portfolio,2026-06-22T13:46:19Z
The Black Tux,The Black Tux is a tuxedo and suit rental service.,Active,2013,http://www.theblacktux.com,https://cdn.prod.website-files.com/69ca9a18b40272cd4150f1b9/69dcd6c8d10a0291bd685791_The%20Black%20Tux.svg,https://www.lererhippeau.com/portfolio,2026-06-22T13:46:19Z
The Inside,The Inside is a home furnishings brand.,Exited,2018,https://www.theinside.com/,https://cdn.prod.website-files.com/69ca9a18b40272cd4150f1b9/69dcd6f59d68d09e4b0b818f_The%20Inside.svg,https://www.lererhippeau.com/portfolio,2026-06-22T13:46:19Z
The Six Bells,The Six Bells is a multi-channel commerce and hospitality brand.,Active,2021,https://www.thesixbells.com/,https://cdn.prod.website-files.com/69ca9a18b40272cd4150f1b9/69dfb9a7f315e9fdc808faa7_The%20Six%20Bells.svg,https://www.lererhippeau.com/portfolio,2026-06-22T13:46:19Z
Thrive,Thrive is a leading behavior change technology platform.,Active,2016,http://www.thriveglobal.com,https://cdn.prod.website-files.com/69ca9a18b40272cd4150f1b9/69dcd7507c8a6fd76656cf21_Thrive.svg,https://www.lererhippeau.com/portfolio,2026-06-22T13:46:19Z
Tildei,Tildei is a marketing platform revolutionizing the customer-brand relationship.,Active,2023,http://tildei.com,https://cdn.prod.website-files.com/69ca9a18b40272cd4150f1b9/69dcd7cf1f7fcc185d7c92b2_Tildei.svg,https://www.lererhippeau.com/portfolio,2026-06-22T13:46:19Z
TollBit,TollBit helps websites protect and monetize their content against AI web scraping.,Active,2024,https://tollbit.com/,https://cdn.prod.website-files.com/69ca9a18b40272cd4150f1b9/69dcd7e3f9cf2a0cf6b00459_TollBit.svg,https://www.lererhippeau.com/portfolio,2026-06-22T13:46:19Z
Toss,Toss is a simple consumer finance solution.,Exited,2018,https://toss.im/en,https://cdn.prod.website-files.com/69ca9a18b40272cd4150f1b9/69dcd81501bdde1efe82478d_Toss.svg,https://www.lererhippeau.com/portfolio,2026-06-22T13:46:19Z
Trackd,Trackd is a cybersecurity platform providing vulnerability remediation solutions.,Exited,2022,http://trackd.com,https://cdn.prod.website-files.com/69ca9a18b40272cd4150f1b9/69dcd829d2fb9557ccc7b3cb_Trackd.svg,https://www.lererhippeau.com/portfolio,2026-06-22T13:46:19Z
Tracksmith,Tracksmith is an independent running brand.,Active,2013,http://www.tracksmith.com,https://cdn.prod.website-files.com/69ca9a18b40272cd4150f1b9/69dcd86177fe7ec12953203f_Tracksmith.svg,https://www.lererhippeau.com/portfolio,2026-06-22T13:46:19Z
Transfix,Transfix is an AI-powered freight tech company.,Active,2014,http://transfix.io,https://cdn.prod.website-files.com/69ca9a18b40272cd4150f1b9/69dcd8fd57444c276b1e210b_Transfix.svg,https://www.lererhippeau.com/portfolio,2026-06-22T13:46:19Z
Tubular Labs,Tubular is a video measurement and analytics platform.,Exited,2012,https://www.tubularlabs.com,https://cdn.prod.website-files.com/69ca9a18b40272cd4150f1b9/69dcd93e8429efe9948c94c3_Tubular%20Labs.svg,https://www.lererhippeau.com/portfolio,2026-06-22T13:46:19Z
Tulip Retail,Tulip Retail develops end-to-end sales platforms for retailers.,Exited,2013,https://www.tulip.com/,https://cdn.prod.website-files.com/69ca9a18b40272cd4150f1b9/69dcd9542c75ebfbd6b1260d_Tulip%20Retail.svg,https://www.lererhippeau.com/portfolio,2026-06-22T13:46:19Z
Tutorspree,Tutorspree is an online tuition services platform.,Exited,2011,https://www.wyzant.com/,https://cdn.prod.website-files.com/69ca9a18b40272cd4150f1b9/69dcd973d7136f7c7d992a74_Tutorspree.svg,https://www.lererhippeau.com/portfolio,2026-06-22T13:46:19Z
Twice,Twice is an online clothing resale store.,Exited,2012,http://www.liketwice.com,https://cdn.prod.website-files.com/69ca9a18b40272cd4150f1b9/69dcd9908400b91f2977c793_Twice.svg,https://www.lererhippeau.com/portfolio,2026-06-22T13:46:19Z
UberMedia,UberMedia makes tools and apps for Twitter.,Exited,2010,https://near.com/,https://cdn.prod.website-files.com/69ca9a18b40272cd4150f1b9/69dd205750faefa3e045ae10_UberMedia.svg,https://www.lererhippeau.com/portfolio,2026-06-22T13:46:19Z
Undock,Undock is a lightning fast meeting experience.,Exited,2020,https://undock.com/l/,https://cdn.prod.website-files.com/69ca9a18b40272cd4150f1b9/69dce4f883e469c9e95958dd_Undock.svg,https://www.lererhippeau.com/portfolio,2026-06-22T13:46:19Z
Uniform,Uniform is a modern orthodontic platform.,Exited,2016,https://www.uniformteeth.com/,https://cdn.prod.website-files.com/69ca9a18b40272cd4150f1b9/69e0fc530a38f37a9c111390_Uniformteeth.png,https://www.lererhippeau.com/portfolio,2026-06-22T13:46:19Z
Unikrn,"Unikrn lets you bet on esports matches, play your favorite games, and win awesome prizes. Acquired by Entain.",Exited,2018,https://unikrn.com/,https://cdn.prod.website-files.com/69ca9a18b40272cd4150f1b9/69dfbad5cbc593b216248b41_Unikrn.svg,https://www.lererhippeau.com/portfolio,2026-06-22T13:46:19Z
Urban Sky,Urban Sky is a stratospheric technology and remote sensing company.,Active,2023,https://www.urbansky.com/,https://cdn.prod.website-files.com/69ca9a18b40272cd4150f1b9/69dce67c1c18c14b60ccc9fc_Urban%20Sky.svg,https://www.lererhippeau.com/portfolio,2026-06-22T13:46:19Z
Valdera,Valdera is the modern chemical and raw material sourcing platform.,Active,2021,https://www.valdera.com/,https://cdn.prod.website-files.com/69ca9a18b40272cd4150f1b9/69dce6ab4fdcd7cb2aeb3605_Valdera.svg,https://www.lererhippeau.com/portfolio,2026-06-22T13:46:19Z
Vangst,Vangst connects the best talent on the market with leading cannabis companies.,Active,2018,https://vangst.com/vangst-main-page,https://cdn.prod.website-files.com/69ca9a18b40272cd4150f1b9/69dce6c60be8661e1a5c5d46_Vangst.svg,https://www.lererhippeau.com/portfolio,2026-06-22T13:46:19Z
VeeFriends,VeeFriends is an NFT project designed around meaningful intellectual property.,Active,2022,https://veefriends.com/,https://cdn.prod.website-files.com/69ca9a18b40272cd4150f1b9/69dce6db2b55dceb623cbc49_VeeFriends.svg,https://www.lererhippeau.com/portfolio,2026-06-22T13:46:19Z
Veritonic,Veritonic is an audio research and analytics company.,Active,2020,https://www.veritonic.com/,https://cdn.prod.website-files.com/69ca9a18b40272cd4150f1b9/69dce710ca2bcb4b44263a06_Veritonic.svg,https://www.lererhippeau.com/portfolio,2026-06-22T13:46:19Z
VHX,VHX is an online digital distribution platform for independent artists.,Exited,2012,http://www.vhx.tv,https://cdn.prod.website-files.com/69ca9a18b40272cd4150f1b9/69dce694ec41655bbde88d33_VHX.svg,https://www.lererhippeau.com/portfolio,2026-06-22T13:46:19Z
Vibe Biotechnology,Vibe Bio uses DAO technology to develop treatments for rare diseases.,Active,2022,https://www.vibebio.com/,https://cdn.prod.website-files.com/69ca9a18b40272cd4150f1b9/69dce727911f5c062dbe1586_Vibe%20Biotechnology.svg,https://www.lererhippeau.com/portfolio,2026-06-22T13:46:19Z
Violet Grey,Violet Grey is a private dressing studio.,Exited,2013,http://www.violetgrey.com,https://cdn.prod.website-files.com/69ca9a18b40272cd4150f1b9/69dce75226727ae89213f427_Violet%20Grey.svg,https://www.lererhippeau.com/portfolio,2026-06-22T13:46:19Z
Virgin Mega,Virgin Mega is a digital-first retail store.,Exited,2013,https://www.nike.com/,https://cdn.prod.website-files.com/69ca9a18b40272cd4150f1b9/69dce76710d73d16ab21aca5_Virgin%20Mega.svg,https://www.lererhippeau.com/portfolio,2026-06-22T13:46:19Z
Visual Revenue,Visual Revenue is a real-time predictive analytics platform for editors.,Exited,2011,https://www.outbrain.com/,https://cdn.prod.website-files.com/69ca9a18b40272cd4150f1b9/69dfbb94acf81f11ff1e5f0b_visual-revenue.svg,https://www.lererhippeau.com/portfolio,2026-06-22T13:46:19Z
Wagon,"Wagon is a data analytics tool for creating, visualizing, and sharing data analysis.",Exited,2014,https://www.box.com/home,https://cdn.prod.website-files.com/69ca9a18b40272cd4150f1b9/69dd02372ccd7d9b9b9a8558_Wagon.svg,https://www.lererhippeau.com/portfolio,2026-06-22T13:46:19Z
WayUp,WayUp is a recruitment platform for students and recent graduates.,Exited,2014,http://www.wayup.com,https://cdn.prod.website-files.com/69ca9a18b40272cd4150f1b9/69dd02b1903e9f8f2f0de7c1_WayUp.svg,https://www.lererhippeau.com/portfolio,2026-06-22T13:46:19Z
WeatherPromise,WeatherPromise guarantees weather for travelers.,Active,2022,https://www.weatherpromise.com/en,https://cdn.prod.website-files.com/69ca9a18b40272cd4150f1b9/69dd02c882f608d705e5ae8b_WeatherPromise.svg,https://www.lererhippeau.com/portfolio,2026-06-22T13:46:19Z
Who What Wear,Who What Wear is an international fashion company.,Exited,2012,https://www.whowhatwear.com/,https://cdn.prod.website-files.com/69ca9a18b40272cd4150f1b9/69dd032c8af907842072b569_Who%20What%20Wear.svg,https://www.lererhippeau.com/portfolio,2026-06-22T13:46:19Z
Wonderschool,Wonderschool is a network of boutique early childhood programs.,Active,2014,http://www.onepreschool.com,https://cdn.prod.website-files.com/69ca9a18b40272cd4150f1b9/69e0cc92437ae46776f67c4a_Wonderschool.png,https://www.lererhippeau.com/portfolio,2026-06-22T13:46:19Z
Wondery,Wondery is a podcast studio for immersive storytelling.,Exited,2018,https://wondery.com/,https://cdn.prod.website-files.com/69ca9a18b40272cd4150f1b9/69dd0349aa6a78e4281320f1_Wondery.svg,https://www.lererhippeau.com/portfolio,2026-06-22T13:46:19Z
Workjam,WorkJam is a digital workplace platform for frontline workers.,Active,2017,http://www.workjam.com,https://cdn.prod.website-files.com/69ca9a18b40272cd4150f1b9/69dd0369f62a4668a620882b_Workjam.svg,https://www.lererhippeau.com/portfolio,2026-06-22T13:46:19Z
Workrails,WorkRails is a platform that streamlines all aspects of the services sales process.,Exited,2016,https://workrails.com/,https://cdn.prod.website-files.com/69ca9a18b40272cd4150f1b9/69dd039d27d5b9c370f7951a_Workrails.svg,https://www.lererhippeau.com/portfolio,2026-06-22T13:46:19Z
X.ai,x.ai is an AI-powered scheduling and virtual assistant platform.,Exited,2014,https://x.ai/,https://cdn.prod.website-files.com/69ca9a18b40272cd4150f1b9/69dd04f5e7c9ba7974299c99_X.ai.svg,https://www.lererhippeau.com/portfolio,2026-06-22T13:46:19Z
Yieldify,Yieldify is a customer journey optimization platform for e-commerce.,Exited,2016,https://www.yieldify.com/,https://cdn.prod.website-files.com/69ca9a18b40272cd4150f1b9/69dfbbfbd0b03103e1c99862_Yieldify.svg,https://www.lererhippeau.com/portfolio,2026-06-22T13:46:19Z
YourMechanic,YourMechanic is an online mechanic marketplace for vehicle owners.,Exited,2012,http://www.yourmechanic.com,https://cdn.prod.website-files.com/69ca9a18b40272cd4150f1b9/69e0bdef83cf6dd1b116fe49_YourMechanic.svg,https://www.lererhippeau.com/portfolio,2026-06-22T13:46:19Z
